date,AQI,grade,PM25,PM10,SO2,CO,NO2,O3_8h
2013-12-02,223,重度污染,173,219,65,1.8,111,31
2013-12-03,246,重度污染,196,222,51,1.8,125,33
2013-12-04,260,重度污染,210,265,31,2.3,111,52
2013-12-05,305,严重污染,255,288,40,2.3,126,52
2013-12-06,412,严重污染,368,373,40,2.9,105,12
2013-12-07,293,重度污染,243,285,27,2.4,94,84
2013-12-08,242,重度污染,192,215,27,1.6,92,34
2013-12-09,269,重度污染,219,319,31,2.1,86,24
2013-12-10,118,轻度污染,89,119,36,1.2,70,30
2013-12-11,117,轻度污染,89,128,33,1.3,74,32
2013-12-12,163,中度污染,124,174,44,1.5,93,30
2013-12-13,222,重度污染,172,232,41,1.6,92,44
2013-12-14,90,良,67,96,24,1.0,77,26
2013-12-15,139,轻度污染,106,131,22,1.1,62,58
2013-12-16,50,优,31,50,13,0.7,44,41
2013-12-17,46,优,32,34,11,0.7,40,28
2013-12-18,100,良,75,87,25,0.9,48,36
2013-12-19,145,轻度污染,111,134,36,1.2,57,36
2013-12-20,250,重度污染,200,237,63,2.0,86,21
2013-12-21,120,轻度污染,91,100,48,1.1,69,48
2013-12-22,126,轻度污染,96,117,38,1.1,71,45
2013-12-23,139,轻度污染,106,132,32,1.4,79,41
2013-12-24,222,重度污染,172,215,64,1.9,90,32
2013-12-25,243,重度污染,193,250,54,2.4,102,36
2013-12-26,312,严重污染,262,315,66,2.4,105,19
2013-12-27,69,良,50,72,32,0.8,51,38
2013-12-28,103,轻度污染,77,98,35,1.1,69,36
2013-12-29,161,中度污染,123,143,47,1.6,77,37
2013-12-30,165,中度污染,126,154,48,1.4,86,56
2013-12-31,105,轻度污染,79,102,33,1.1,82,76
2014-01-01,140,轻度污染,107,124,35,1.3,96,74
2014-01-02,187,中度污染,141,150,35,1.5,114,56
2014-01-03,235,重度污染,185,173,61,1.9,126,23
2014-01-04,191,中度污染,144,166,43,1.5,71,20
2014-01-05,138,轻度污染,105,119,37,1.1,80,30
2014-01-06,56,良,40,51,20,0.6,57,63
2014-01-07,83,良,61,59,16,0.7,63,40
2014-01-08,83,良,61,49,13,0.8,45,51
2014-01-09,66,良,48,62,25,0.7,46,50
2014-01-10,76,良,56,76,21,0.8,64,57
2014-01-11,91,良,68,68,16,0.9,72,18
2014-01-12,165,中度污染,126,97,31,1.2,69,50
2014-01-13,102,轻度污染,77,83,22,0.7,40,53
2014-01-14,49,优,34,42,21,0.6,52,61
2014-01-15,67,良,49,50,23,0.7,57,63
2014-01-16,112,轻度污染,84,85,26,1.0,76,59
2014-01-17,182,中度污染,137,118,41,1.4,97,59
2014-01-18,270,重度污染,220,171,43,1.6,77,50
2014-01-19,255,重度污染,205,153,32,1.7,91,71
2014-01-20,232,重度污染,182,201,46,1.5,86,44
2014-01-21,85,良,61,120,42,0.9,59,43
2014-01-22,82,良,60,67,31,0.8,65,54
2014-01-23,97,良,73,72,25,0.7,70,69
2014-01-24,86,良,64,69,25,0.7,74,57
2014-01-25,172,中度污染,131,143,25,1.1,70,59
2014-01-26,62,良,45,50,10,0.5,26,82
2014-01-27,44,优,30,44,12,0.5,44,56
2014-01-28,86,良,64,83,18,1.0,50,69
2014-01-29,102,轻度污染,77,81,10,0.9,46,62
2014-01-30,236,重度污染,186,177,16,1.8,60,57
2014-01-31,215,重度污染,165,157,13,1.3,34,74
2014-02-01,113,轻度污染,85,90,14,0.9,37,80
2014-02-02,282,重度污染,232,283,11,2.3,48,42
2014-02-03,93,良,70,106,7,1.0,22,58
2014-02-04,37,优,22,37,9,0.5,14,70
2014-02-05,33,优,19,29,8,0.6,28,66
2014-02-06,21,优,13,16,6,0.6,27,41
2014-02-07,53,良,37,25,7,0.8,26,40
2014-02-08,84,良,62,61,16,1.0,26,57
2014-02-09,81,良,60,66,20,1.0,25,52
2014-02-10,54,良,38,48,15,0.6,20,53
2014-02-11,63,良,46,55,23,0.8,33,55
2014-02-12,63,良,45,60,22,1.1,40,43
2014-02-13,51,良,36,48,15,0.8,31,54
2014-02-14,89,良,66,81,25,1.0,45,71
2014-02-15,62,良,45,64,18,0.6,55,58
2014-02-16,48,优,34,40,8,0.6,51,41
2014-02-17,58,良,41,41,10,1.0,51,32
2014-02-18,38,优,26,26,9,0.6,38,59
2014-02-19,105,轻度污染,79,80,19,1.0,47,49
2014-02-20,136,轻度污染,104,93,36,1.1,49,52
2014-02-21,168,中度污染,128,137,29,1.0,55,90
2014-02-22,113,轻度污染,86,85,18,0.9,49,75
2014-02-23,119,轻度污染,90,106,19,1.0,65,77
2014-02-24,118,轻度污染,89,103,13,0.8,65,44
2014-02-25,44,优,31,21,7,0.6,57,38
2014-02-26,73,良,53,57,12,0.9,53,63
2014-02-27,188,中度污染,141,165,25,1.4,79,17
2014-02-28,128,轻度污染,97,109,13,1.1,58,32
2014-03-01,59,良,42,55,18,0.7,54,46
2014-03-02,106,轻度污染,80,107,32,1.0,53,81
2014-03-03,64,良,45,77,16,0.7,43,86
2014-03-04,44,优,31,44,10,0.7,56,64
2014-03-05,74,良,54,72,17,0.8,36,87
2014-03-06,51,良,34,52,15,0.6,44,67
2014-03-07,52,良,30,54,17,0.7,51,61
2014-03-08,77,良,57,76,15,0.8,45,76
2014-03-09,95,良,71,96,19,1.2,58,78
2014-03-10,174,中度污染,132,171,30,1.4,70,118
2014-03-11,158,中度污染,120,133,17,1.0,43,128
2014-03-12,77,良,56,73,16,0.9,50,67
2014-03-13,63,良,39,76,16,0.6,39,76
2014-03-14,86,良,64,107,25,0.9,65,98
2014-03-15,137,轻度污染,104,152,37,1.0,79,113
2014-03-16,127,轻度污染,96,154,30,0.9,72,125
2014-03-17,102,轻度污染,77,125,22,1.1,66,104
2014-03-18,184,中度污染,139,231,40,1.5,82,132
2014-03-19,132,轻度污染,75,214,19,0.9,48,94
2014-03-20,105,轻度污染,79,107,26,1.1,48,94
2014-03-21,67,良,48,84,33,1.0,57,94
2014-03-22,68,良,48,86,25,0.8,52,121
2014-03-23,72,良,41,73,17,0.8,38,126
2014-03-24,76,良,56,86,28,0.9,58,81
2014-03-25,119,轻度污染,90,92,20,1.2,80,51
2014-03-26,119,轻度污染,91,99,21,1.2,59,106
2014-03-27,82,良,61,73,11,0.8,51,100
2014-03-28,64,良,46,57,12,0.7,45,80
2014-03-29,126,轻度污染,96,97,18,1.4,65,37
2014-03-30,139,轻度污染,106,96,29,1.1,47,135
2014-03-31,106,轻度污染,80,98,22,1.1,67,98
2014-04-01,99,良,74,98,21,1.1,63,85
2014-04-02,88,良,65,93,18,1.3,66,65
2014-04-03,81,良,60,83,21,1.2,52,120
2014-04-04,67,良,42,83,23,0.9,58,120
2014-04-05,107,轻度污染,81,142,31,0.9,69,103
2014-04-06,54,良,22,57,13,0.5,33,96
2014-04-07,75,良,55,85,19,0.7,44,103
2014-04-08,100,良,75,107,17,0.9,60,115
2014-04-09,117,轻度污染,89,112,19,0.8,51,145
2014-04-10,122,轻度污染,67,95,17,0.7,51,184
2014-04-11,87,良,65,103,16,0.6,51,96
2014-04-12,73,良,54,58,13,0.7,39,66
2014-04-13,65,良,47,59,15,0.6,34,99
2014-04-14,97,良,72,99,23,0.7,55,144
2014-04-15,75,良,55,83,15,0.5,37,127
2014-04-16,74,良,54,70,18,0.7,44,104
2014-04-17,161,中度污染,123,138,31,1.5,73,32
2014-04-18,107,轻度污染,81,88,23,1.0,50,86
2014-04-19,56,良,39,39,11,0.7,40,74
2014-04-20,70,良,51,60,13,0.6,30,99
2014-04-21,89,良,66,71,16,0.9,62,73
2014-04-22,100,良,75,89,25,0.9,62,102
2014-04-23,90,良,67,104,28,0.7,65,126
2014-04-24,78,良,57,79,16,0.6,35,123
2014-04-25,54,良,38,45,11,0.5,26,97
2014-04-26,43,优,30,36,11,0.5,30,82
2014-04-27,81,良,60,65,17,1.0,33,53
2014-04-28,75,良,55,63,21,0.8,41,76
2014-04-29,94,良,70,103,30,1.0,56,145
2014-04-30,85,良,63,96,29,0.7,53,139
2014-05-01,122,轻度污染,93,136,31,0.9,58,173
2014-05-02,120,轻度污染,91,175,35,0.8,58,143
2014-05-03,81,良,49,111,22,0.5,38,93
2014-05-04,73,良,53,84,19,0.8,60,69
2014-05-05,68,良,49,84,24,0.5,45,119
2014-05-06,64,良,42,78,20,0.5,45,116
2014-05-07,84,良,57,95,29,0.7,53,141
2014-05-08,108,轻度污染,81,136,27,1.0,67,138
2014-05-09,74,良,54,89,14,0.6,42,95
2014-05-10,66,良,48,71,10,0.7,27,87
2014-05-11,63,良,46,51,15,1.0,29,56
2014-05-12,93,良,70,87,23,1.1,46,151
2014-05-13,95,良,71,115,28,0.9,56,114
2014-05-14,129,轻度污染,98,121,23,1.3,48,148
2014-05-15,103,轻度污染,71,107,28,0.9,44,163
2014-05-16,125,轻度污染,65,119,26,0.8,58,188
2014-05-17,128,轻度污染,98,124,14,0.9,52,116
2014-05-18,58,良,41,49,12,0.7,44,71
2014-05-19,87,良,65,86,16,0.8,60,53
2014-05-20,166,中度污染,126,127,21,1.3,60,186
2014-05-21,152,中度污染,117,174,25,1.0,55,202
2014-05-22,103,轻度污染,77,101,16,0.7,36,155
2014-05-23,63,良,25,51,9,0.5,24,115
2014-05-24,54,良,33,56,10,0.6,26,105
2014-05-25,108,轻度污染,82,103,14,1.1,44,99
2014-05-26,144,轻度污染,110,188,24,1.2,50,202
2014-05-27,162,中度污染,123,240,23,1.0,52,175
2014-05-28,195,中度污染,101,215,25,1.0,41,260
2014-05-29,176,中度污染,133,253,30,1.2,76,230
2014-05-30,146,轻度污染,112,202,28,1.0,58,202
2014-05-31,107,轻度污染,80,95,12,0.7,28,143
2014-06-01,50,优,33,42,6,0.8,27,99
2014-06-02,63,良,46,51,8,0.9,18,103
2014-06-03,68,良,42,55,19,0.8,27,121
2014-06-04,86,良,64,81,31,1.0,44,125
2014-06-05,141,轻度污染,91,100,32,1.2,35,205
2014-06-06,140,轻度污染,70,103,26,0.9,45,204
2014-06-07,161,中度污染,72,112,25,0.9,33,226
2014-06-08,91,良,63,90,21,0.8,33,149
2014-06-09,92,良,44,63,20,0.7,21,150
2014-06-10,61,良,39,61,18,0.8,32,113
2014-06-11,81,良,48,71,20,0.7,34,137
2014-06-12,136,轻度污染,71,106,35,1.0,43,200
2014-06-13,164,中度污染,85,130,36,0.9,43,229
2014-06-14,195,中度污染,111,163,38,1.1,59,260
2014-06-15,143,轻度污染,91,136,30,1.1,72,207
2014-06-16,51,良,32,52,14,0.6,30,72
2014-06-17,79,良,58,76,16,1.1,37,101
2014-06-18,75,良,55,67,18,0.8,39,109
2014-06-19,72,良,42,55,17,0.7,28,126
2014-06-20,62,良,44,56,15,0.9,36,108
2014-06-21,57,良,41,47,13,0.8,35,46
2014-06-22,59,良,42,65,17,0.8,38,90
2014-06-23,62,良,45,72,17,0.7,38,72
2014-06-24,115,轻度污染,78,106,27,0.8,44,177
2014-06-25,72,良,41,68,18,0.7,45,126
2014-06-26,39,优,27,28,10,0.8,52,55
2014-06-27,60,良,43,59,15,0.7,44,57
2014-06-28,130,轻度污染,99,120,18,1.2,43,161
2014-06-29,167,中度污染,127,153,27,1.1,54,191
2014-06-30,122,轻度污染,93,135,27,0.8,50,114
2014-07-01,88,良,65,80,10,0.8,38,78
2014-07-02,70,良,51,69,9,1.0,34,56
2014-07-03,125,轻度污染,95,113,19,1.3,44,159
2014-07-04,108,轻度污染,81,109,14,0.9,45,94
2014-07-05,55,良,39,60,8,0.8,33,84
2014-07-06,58,良,41,55,11,0.8,23,109
2014-07-07,90,良,67,94,19,0.9,42,135
2014-07-08,88,良,44,57,10,0.7,35,146
2014-07-09,91,良,68,95,14,0.8,28,100
2014-07-10,136,轻度污染,89,130,13,1.1,39,200
2014-07-11,210,重度污染,160,200,10,1.3,50,210
2014-07-12,99,良,63,85,16,1.0,35,159
2014-07-13,81,良,60,73,19,1.1,34,131
2014-07-14,122,轻度污染,74,89,19,0.9,38,184
2014-07-15,81,良,38,56,12,0.8,45,137
2014-07-16,58,良,41,60,24,0.9,47,58
2014-07-17,98,良,57,91,21,0.8,46,158
2014-07-18,53,良,25,51,14,0.6,29,103
2014-07-19,83,良,37,64,14,0.7,33,139
2014-07-20,91,良,32,63,13,0.6,32,149
2014-07-21,98,良,32,54,10,0.6,27,157
2014-07-22,99,良,29,61,11,0.6,28,159
2014-07-23,50,优,17,51,8,0.6,21,84
2014-07-24,54,良,19,58,7,0.5,18,79
2014-07-25,63,良,45,73,12,0.8,25,112
2014-07-26,158,中度污染,121,134,28,1.2,50,135
2014-07-27,94,良,70,60,12,0.9,37,111
2014-07-28,127,轻度污染,46,62,23,1.0,40,190
2014-07-29,135,轻度污染,74,92,18,0.8,38,198
2014-07-30,66,良,25,43,14,0.6,25,119
2014-07-31,44,优,20,44,11,0.6,25,67
2014-08-01,23,优,13,23,11,0.6,22,36
2014-08-02,51,良,31,52,14,0.7,31,60
2014-08-03,115,轻度污染,58,86,14,1.0,34,176
2014-08-04,158,中度污染,97,128,17,1.0,46,223
2014-08-05,164,中度污染,55,86,11,0.8,36,229
2014-08-06,140,轻度污染,47,70,16,0.8,36,204
2014-08-07,63,良,36,55,14,0.7,40,116
2014-08-08,63,良,45,65,12,1.0,34,77
2014-08-09,78,良,58,71,16,1.1,45,71
2014-08-10,74,良,54,72,17,1.1,40,104
2014-08-11,85,良,63,86,20,1.1,49,140
2014-08-12,57,良,35,64,13,0.8,54,76
2014-08-13,76,良,49,74,12,0.9,40,131
2014-08-14,38,优,22,32,10,1.0,38,76
2014-08-15,75,良,55,77,21,1.4,53,102
2014-08-16,77,良,56,65,13,1.0,51,89
2014-08-17,44,优,31,42,11,0.8,35,82
2014-08-18,66,良,48,57,20,1.2,56,58
2014-08-19,58,良,42,47,18,1.0,62,46
2014-08-20,61,良,44,58,16,1.0,55,58
2014-08-21,127,轻度污染,73,103,19,1.3,58,190
2014-08-22,98,良,54,71,12,0.8,36,157
2014-08-23,100,良,64,90,14,0.8,44,160
2014-08-24,87,良,61,87,17,0.9,37,144
2014-08-25,96,良,58,82,18,1.1,34,155
2014-08-26,124,轻度污染,94,113,22,1.2,71,137
2014-08-27,71,良,52,69,13,0.8,54,85
2014-08-28,78,良,58,76,17,0.8,48,110
2014-08-29,89,良,66,89,22,1.3,62,66
2014-08-30,70,良,51,74,20,0.9,48,120
2014-08-31,55,良,34,59,14,0.8,46,55
2014-09-01,61,良,44,59,16,1.0,35,91
2014-09-02,65,良,44,64,15,0.9,34,118
2014-09-03,63,良,34,51,10,1.1,27,116
2014-09-04,127,轻度污染,86,115,25,1.4,40,190
2014-09-05,140,轻度污染,99,120,19,1.1,41,204
2014-09-06,112,轻度污染,57,76,15,0.9,37,173
2014-09-07,97,良,47,64,15,0.8,40,156
2014-09-08,72,良,53,69,14,0.9,38,122
2014-09-09,88,良,47,66,13,0.8,37,146
2014-09-10,82,良,61,81,18,0.9,43,79
2014-09-11,62,良,25,53,19,0.8,53,114
2014-09-12,58,良,31,65,20,0.8,53,60
2014-09-13,33,优,23,30,12,0.7,41,54
2014-09-14,46,优,22,45,14,0.7,36,91
2014-09-15,58,良,17,43,14,0.7,39,109
2014-09-16,62,良,38,65,17,0.8,50,114
2014-09-17,54,良,28,58,16,0.8,49,80
2014-09-18,37,优,22,37,12,0.7,47,71
2014-09-19,70,良,51,68,22,1.2,69,46
2014-09-20,76,良,56,74,20,1.1,56,93
2014-09-21,54,良,20,39,13,0.5,39,105
2014-09-22,44,优,18,40,13,0.5,30,88
2014-09-23,31,优,14,20,12,0.6,26,62
2014-09-24,56,良,38,62,16,0.8,46,97
2014-09-25,105,轻度污染,59,95,21,0.9,70,165
2014-09-26,98,良,63,85,17,0.8,43,157
2014-09-27,98,良,55,76,16,0.8,43,157
2014-09-28,62,良,27,48,14,0.6,32,114
2014-09-29,67,良,48,79,21,1.0,46,85
2014-09-30,50,优,26,50,14,0.7,32,81
2014-10-01,61,良,40,72,22,0.9,59,109
2014-10-02,101,轻度污染,59,99,23,1.0,53,161
2014-10-03,85,良,63,87,22,0.9,42,142
2014-10-04,69,良,28,54,23,0.6,40,123
2014-10-05,71,良,52,89,27,0.9,47,124
2014-10-06,77,良,50,74,28,0.8,39,132
2014-10-07,81,良,48,72,27,0.8,55,137
2014-10-08,63,良,33,59,18,0.7,58,115
2014-10-09,66,良,34,55,16,0.6,52,119
2014-10-10,74,良,38,55,15,0.6,42,129
2014-10-11,70,良,51,72,18,0.7,40,109
2014-10-12,65,良,37,79,20,0.7,28,110
2014-10-13,67,良,31,84,19,0.6,37,106
2014-10-14,77,良,54,104,38,0.9,64,116
2014-10-15,143,轻度污染,110,168,45,1.4,98,166
2014-10-16,170,中度污染,129,191,34,1.3,109,119
2014-10-17,78,良,41,106,20,0.7,60,121
2014-10-18,51,良,18,51,13,0.5,42,82
2014-10-19,58,良,28,61,14,0.6,39,109
2014-10-20,97,良,73,124,28,1.0,77,146
2014-10-21,125,轻度污染,95,113,27,1.2,66,67
2014-10-22,125,轻度污染,95,125,24,1.1,55,131
2014-10-23,89,良,66,100,20,0.8,77,126
2014-10-24,83,良,46,73,20,0.6,59,140
2014-10-25,83,良,46,73,23,0.7,62,139
2014-10-26,95,良,71,115,31,0.9,79,140
2014-10-27,90,良,67,103,21,0.8,60,71
2014-10-28,63,良,31,75,20,0.6,58,85
2014-10-29,54,良,30,57,14,0.7,67,52
2014-10-30,81,良,60,70,18,0.9,72,29
2014-10-31,88,良,65,53,13,1.4,59,8
2014-11-01,89,良,66,77,20,1.3,49,16
2014-11-02,82,良,60,64,27,0.8,43,86
2014-11-03,73,良,53,89,38,0.9,68,72
2014-11-04,86,良,63,95,27,0.9,84,114
2014-11-05,98,良,73,113,28,1.0,96,106
2014-11-06,184,中度污染,139,165,41,1.4,77,95
2014-11-07,88,良,65,66,24,0.7,47,86
2014-11-08,56,良,40,50,23,0.7,50,57
2014-11-09,73,良,53,71,29,0.8,56,59
2014-11-10,123,轻度污染,94,107,36,0.9,64,96
2014-11-11,111,轻度污染,84,104,29,0.9,72,76
2014-11-12,202,重度污染,152,162,45,1.6,80,55
2014-11-13,87,良,64,124,49,1.1,76,60
2014-11-14,98,良,73,119,34,1.0,91,76
2014-11-15,74,良,54,84,23,0.8,78,75
2014-11-16,131,轻度污染,100,102,25,1.2,76,34
2014-11-17,170,中度污染,129,140,43,1.2,72,85
2014-11-18,112,轻度污染,85,106,48,1.2,68,65
2014-11-19,71,良,52,68,23,0.8,79,67
2014-11-20,88,良,65,92,31,0.9,81,68
2014-11-21,83,良,61,97,33,0.9,87,68
2014-11-22,127,轻度污染,97,128,36,1.4,95,54
2014-11-23,71,良,52,58,17,0.8,56,55
2014-11-24,54,良,38,38,18,1.0,47,46
2014-11-25,61,良,44,61,27,0.9,53,56
2014-11-26,95,良,71,103,41,1.3,71,46
2014-11-27,48,优,33,43,21,0.7,51,76
2014-11-28,83,良,62,67,22,1.4,53,65
2014-11-29,81,良,60,72,21,1.1,57,41
2014-11-30,64,良,46,44,17,1.4,49,42
2014-12-01,85,良,57,120,31,0.8,42,50
2014-12-02,66,良,39,82,43,1.5,44,39
2014-12-03,106,轻度污染,80,102,41,1.6,89,10
2014-12-04,105,轻度污染,79,106,41,1.2,62,42
2014-12-05,103,轻度污染,77,110,49,1.3,64,40
2014-12-06,106,轻度污染,80,123,40,1.4,80,36
2014-12-07,120,轻度污染,91,122,49,1.3,81,31
2014-12-08,150,轻度污染,115,142,53,1.5,67,50
2014-12-09,64,良,46,64,24,0.8,56,50
2014-12-10,83,良,61,85,27,1.2,69,15
2014-12-11,135,轻度污染,103,148,32,1.3,55,36
2014-12-12,101,轻度污染,76,132,43,1.2,63,39
2014-12-13,94,良,70,126,45,1.3,71,52
2014-12-14,128,轻度污染,97,137,55,1.5,90,40
2014-12-15,130,轻度污染,99,131,57,1.5,90,21
2014-12-16,98,良,73,146,42,1.0,53,50
2014-12-17,82,良,47,114,34,1.0,60,44
2014-12-18,87,良,64,106,38,0.9,79,39
2014-12-19,114,轻度污染,86,136,46,1.2,91,9
2014-12-20,95,良,71,111,41,1.0,67,41
2014-12-21,112,轻度污染,84,121,45,1.0,62,34
2014-12-22,91,良,68,115,40,1.0,68,43
2014-12-23,122,轻度污染,93,147,39,1.2,97,51
2014-12-24,172,中度污染,131,180,61,1.6,109,34
2014-12-25,98,良,74,80,27,0.9,58,50
2014-12-26,53,良,37,55,24,0.6,61,46
2014-12-27,59,良,42,63,19,0.7,67,47
2014-12-28,96,良,72,109,28,1.1,78,41
2014-12-29,158,中度污染,121,173,44,1.4,88,65
2014-12-30,168,中度污染,128,190,35,1.7,107,52
2014-12-31,183,中度污染,138,215,61,1.5,91,35
2015-01-06,148,轻度污染,113,99,30,1.2,58,35
2015-01-07,75,良,55,93,36,0.9,54,47
2015-01-08,178,中度污染,135,154,61,1.5,85,46
2015-01-09,198,中度污染,149,200,53,2.0,107,49
2015-01-10,208,重度污染,158,216,49,2.0,120,66
2015-01-11,221,重度污染,171,210,55,1.8,110,64
2015-01-12,51,良,36,38,16,0.6,44,45
2015-01-13,42,优,30,39,16,0.6,58,37
2015-01-14,70,良,51,49,14,0.9,54,24
2015-01-15,103,轻度污染,77,90,21,1.0,58,22
2015-01-16,121,轻度污染,92,115,24,1.0,55,29
2015-01-17,143,轻度污染,110,109,27,1.1,57,55
2015-01-18,124,轻度污染,94,120,35,1.0,66,69
2015-01-19,131,轻度污染,100,172,49,1.4,87,60
2015-01-20,79,良,53,108,25,0.8,78,61
2015-01-21,144,轻度污染,110,143,36,1.1,70,68
2015-01-22,177,中度污染,134,139,39,1.5,69,47
2015-01-23,192,中度污染,145,141,28,1.3,80,62
2015-01-24,176,中度污染,133,146,30,1.2,90,62
2015-01-25,213,重度污染,163,173,29,1.6,84,44
2015-01-26,172,中度污染,131,106,27,1.6,63,20
2015-01-27,89,良,66,57,17,0.7,40,62
2015-01-28,36,优,24,36,14,0.5,40,42
2015-01-29,43,优,30,31,12,0.6,53,34
2015-01-30,127,轻度污染,96,83,27,1.0,50,48
2015-01-31,65,良,47,53,27,0.8,46,57
2015-02-01,44,优,26,44,19,0.5,50,50
2015-02-02,71,良,52,65,20,0.7,65,16
2015-02-03,92,良,69,86,33,1.0,70,24
2015-02-04,217,重度污染,167,170,43,1.4,74,72
2015-02-05,133,轻度污染,101,101,39,1.1,65,67
2015-02-06,98,良,74,107,30,1.2,76,59
2015-02-07,136,轻度污染,104,120,45,1.3,93,69
2015-02-08,83,良,61,87,23,0.8,38,67
2015-02-09,53,良,34,55,17,0.6,46,63
2015-02-10,79,良,59,79,25,0.9,76,60
2015-02-11,107,轻度污染,80,103,30,1.0,70,100
2015-02-12,229,重度污染,179,219,62,1.8,76,77
2015-02-13,94,良,70,87,22,0.9,59,109
2015-02-14,105,轻度污染,79,102,17,0.9,51,122
2015-02-15,79,良,58,75,15,0.9,47,79
2015-02-16,126,轻度污染,95,91,15,1.3,37,89
2015-02-17,190,中度污染,143,179,13,1.4,44,108
2015-02-18,96,良,72,108,16,0.9,34,107
2015-02-19,55,良,39,56,13,0.5,20,91
2015-02-20,42,优,16,25,9,0.5,16,83
2015-02-21,66,良,48,39,8,1.0,26,48
2015-02-22,145,轻度污染,111,107,15,1.2,27,53
2015-02-23,85,良,61,120,13,0.9,30,81
2015-02-24,73,良,50,96,9,0.8,28,68
2015-02-25,49,优,34,43,9,0.8,48,71
2015-02-26,111,轻度污染,83,107,10,0.9,36,66
2015-02-27,41,优,29,38,11,0.7,39,65
2015-02-28,32,优,22,24,9,0.6,35,54
2015-03-01,85,良,63,66,16,0.8,34,79
2015-03-02,120,轻度污染,91,86,21,1.0,51,108
2015-03-03,108,轻度污染,82,70,17,0.9,44,95
2015-03-04,59,良,30,68,16,0.7,34,63
2015-03-05,43,优,22,43,11,0.6,37,69
2015-03-06,48,优,33,43,13,0.6,42,59
2015-03-07,75,良,55,62,16,0.8,59,50
2015-03-08,57,良,41,41,12,0.8,60,44
2015-03-09,71,良,52,52,12,0.9,38,58
2015-03-10,51,良,28,51,19,0.6,33,74
2015-03-11,62,良,44,69,22,0.7,59,74
2015-03-12,145,轻度污染,111,145,51,1.0,69,112
2015-03-13,124,轻度污染,94,140,33,1.2,91,90
2015-03-14,179,中度污染,135,118,20,1.4,88,47
2015-03-15,103,轻度污染,78,57,11,0.9,60,76
2015-03-16,60,良,43,28,11,0.7,48,56
2015-03-17,63,良,46,43,11,0.8,50,73
2015-03-18,69,良,50,46,13,1.1,59,42
2015-03-19,108,轻度污染,81,93,24,1.2,62,54
2015-03-20,96,良,72,63,14,0.9,65,73
2015-03-21,105,轻度污染,79,95,23,1.3,70,114
2015-03-22,102,轻度污染,76,137,20,1.2,74,109
2015-03-23,82,良,37,115,19,0.9,69,63
2015-03-24,54,良,25,59,16,0.7,62,79
2015-03-25,53,良,26,56,12,0.6,47,99
2015-03-26,55,良,26,47,10,0.6,37,106
2015-03-27,51,良,27,10,7,0.6,44,82
2015-03-28,120,轻度污染,91,121,30,1.1,82,108
2015-03-29,145,轻度污染,111,131,35,1.2,79,152
2015-03-30,65,良,47,48,14,0.8,49,117
2015-03-31,89,良,66,96,21,1.0,65,124
2015-04-01,105,轻度污染,79,105,20,1.2,90,72
2015-04-02,66,良,48,80,19,1.1,51,88
2015-04-03,97,良,73,89,16,1.3,51,54
2015-04-04,91,良,68,78,14,1.5,57,69
2015-04-05,86,良,64,56,17,1.2,51,66
2015-04-06,43,优,29,31,10,0.8,38,86
2015-04-07,42,优,27,42,12,0.6,37,74
2015-04-08,67,良,49,61,23,0.9,53,107
2015-04-09,58,良,42,66,24,0.7,74,83
2015-04-10,80,良,59,75,28,0.8,72,136
2015-04-11,71,良,52,78,20,0.7,70,116
2015-04-12,135,轻度污染,65,92,20,0.7,44,199
2015-04-13,68,良,39,66,13,0.7,31,122
2015-04-14,80,良,59,72,16,0.9,37,127
2015-04-15,107,轻度污染,80,132,43,1.0,98,108
2015-04-16,88,良,65,126,32,0.9,68,103
2015-04-17,97,良,37,144,13,0.6,46,116
2015-04-18,93,良,70,131,27,1.0,65,113
2015-04-19,150,轻度污染,115,110,31,1.5,70,83
2015-04-20,70,良,51,69,17,0.8,42,114
2015-04-21,88,良,66,115,36,1.1,88,140
2015-04-22,100,良,71,122,32,0.9,91,160
2015-04-23,110,轻度污染,79,115,31,0.9,76,171
2015-04-24,109,轻度污染,82,142,40,1.0,118,109
2015-04-25,137,轻度污染,104,128,34,1.1,100,201
2015-04-26,116,轻度污染,55,84,26,0.8,60,178
2015-04-27,99,良,55,85,24,0.8,45,159
2015-04-28,97,良,73,105,26,1.0,51,155
2015-04-29,69,良,48,57,16,0.8,44,123
2015-04-30,133,轻度污染,73,95,23,1.1,62,196
2015-05-01,115,轻度污染,64,65,11,0.7,38,176
2015-05-02,86,良,64,64,11,0.9,42,142
2015-05-03,100,良,60,74,18,0.9,37,160
2015-05-04,115,轻度污染,87,120,23,1.1,61,138
2015-05-05,85,良,27,74,17,0.6,56,142
2015-05-06,93,良,52,98,26,0.8,68,152
2015-05-07,140,轻度污染,73,103,27,0.8,56,204
2015-05-08,78,良,41,58,13,0.7,57,133
2015-05-09,56,良,32,40,10,0.6,40,107
2015-05-10,86,良,32,47,11,0.6,29,143
2015-05-11,56,良,32,41,11,0.7,31,107
2015-05-12,69,良,31,75,12,0.5,34,123
2015-05-13,109,轻度污染,44,97,34,0.8,64,170
2015-05-14,65,良,44,80,27,0.8,53,111
2015-05-15,45,优,31,44,18,1.0,55,66
2015-05-16,75,良,48,80,20,0.7,46,130
2015-05-17,88,良,42,68,16,0.6,47,146
2015-05-18,71,良,52,64,16,1.2,70,115
2015-05-19,127,轻度污染,85,103,18,1.3,62,190
2015-05-20,89,良,44,66,17,0.7,51,147
2015-05-21,88,良,23,57,15,0.6,55,145
2015-05-22,105,轻度污染,23,49,12,0.6,32,166
2015-05-23,67,良,37,64,13,0.7,44,120
2015-05-24,91,良,50,71,14,0.9,37,149
2015-05-25,105,轻度污染,33,54,11,0.6,29,165
2015-05-26,87,良,27,53,15,0.6,38,144
2015-05-27,66,良,39,60,11,0.7,37,119
2015-05-28,70,良,51,64,13,0.7,39,76
2015-05-29,52,良,35,54,8,0.7,35,82
2015-05-30,69,良,50,61,14,1.0,49,55
2015-05-31,132,轻度污染,67,92,17,0.8,43,195
2015-06-01,128,轻度污染,62,77,13,0.7,31,191
2015-06-02,71,良,52,55,9,1.0,51,117
2015-06-03,44,优,21,34,12,0.6,31,87
2015-06-04,62,良,22,44,18,0.6,47,114
2015-06-05,142,轻度污染,48,78,25,0.8,40,206
2015-06-06,139,轻度污染,78,124,26,0.8,53,203
2015-06-07,94,良,30,50,12,0.7,30,153
2015-06-08,45,优,31,34,9,0.8,42,79
2015-06-09,66,良,47,58,18,0.8,39,119
2015-06-10,65,良,47,64,14,0.8,36,111
2015-06-11,102,轻度污染,55,133,19,1.0,39,162
2015-06-12,139,轻度污染,59,155,20,0.8,49,203
2015-06-13,97,良,70,128,26,0.9,48,156
2015-06-14,76,良,42,84,21,0.8,40,131
2015-06-15,64,良,46,64,16,0.8,51,84
2015-06-16,51,良,35,43,6,0.9,45,101
2015-06-17,44,优,25,37,6,0.8,38,87
2015-06-18,58,良,19,35,8,0.6,39,109
2015-06-19,106,轻度污染,48,61,11,0.7,39,167
2015-06-20,90,良,32,47,11,0.6,26,148
2015-06-21,78,良,48,56,10,0.7,29,133
2015-06-22,52,良,32,44,8,0.8,42,102
2015-06-23,88,良,66,76,10,0.9,48,93
2015-06-24,97,良,73,94,11,0.9,54,151
2015-06-25,59,良,42,57,12,0.7,38,97
2015-06-26,49,优,34,41,11,1.1,52,57
2015-06-27,29,优,20,25,6,0.7,42,55
2015-06-28,45,优,11,16,6,0.7,38,90
2015-06-29,57,良,40,57,9,0.7,41,68
2015-06-30,83,良,61,67,13,0.9,41,80
2015-07-01,94,良,36,47,15,0.8,40,153
2015-07-02,115,轻度污染,67,89,21,0.9,57,176
2015-07-03,115,轻度污染,73,98,16,0.9,47,177
2015-07-04,82,良,61,53,10,0.7,45,99
2015-07-05,58,良,31,41,12,0.6,42,109
2015-07-06,47,优,23,31,10,0.5,41,94
2015-07-07,49,优,24,38,12,0.6,38,97
2015-07-08,54,良,38,49,16,0.6,45,90
2015-07-09,57,良,41,55,13,0.6,37,49
2015-07-10,44,优,25,44,8,0.5,22,57
2015-07-11,24,优,7,17,8,0.6,13,48
2015-07-12,46,优,15,32,9,0.6,19,91
2015-07-13,125,轻度污染,58,94,13,0.9,38,187
2015-07-14,169,中度污染,91,126,17,1.1,54,234
2015-07-15,93,良,41,59,16,0.7,39,152
2015-07-16,57,良,27,47,9,0.6,25,108
2015-07-17,50,优,31,50,9,0.7,33,47
2015-07-18,43,优,28,43,8,0.7,39,39
2015-07-19,47,优,26,44,9,0.7,27,93
2015-07-20,52,良,28,49,12,0.7,36,102
2015-07-21,66,良,45,71,16,0.8,46,119
2015-07-22,62,良,44,60,13,0.8,41,112
2015-07-23,87,良,64,85,14,1.1,58,88
2015-07-24,74,良,54,55,15,0.9,42,97
2015-07-25,63,良,32,58,17,1.0,46,115
2015-07-26,60,良,43,69,14,0.9,40,111
2015-07-27,81,良,39,69,16,0.8,40,137
2015-07-28,69,良,33,66,18,0.7,34,122
2015-07-29,85,良,32,68,20,0.7,32,142
2015-07-30,77,良,24,61,20,0.7,33,132
2015-07-31,82,良,31,67,20,0.7,30,138
2015-08-01,75,良,44,94,21,0.8,34,130
2015-08-02,84,良,43,80,21,0.8,32,140
2015-08-03,106,轻度污染,50,91,22,0.8,35,166
2015-08-04,103,轻度污染,40,81,19,0.7,38,163
2015-08-05,141,轻度污染,48,92,19,0.8,41,205
2015-08-06,82,良,28,56,12,0.6,25,138
2015-08-07,45,优,17,45,11,0.5,27,54
2015-08-08,36,优,13,36,9,0.5,26,35
2015-08-09,33,优,10,33,8,0.4,20,39
2015-08-10,30,优,17,29,8,0.6,24,54
2015-08-11,48,优,16,33,16,0.5,26,96
2015-08-12,90,良,37,69,22,0.8,48,148
2015-08-13,106,轻度污染,50,79,21,0.8,43,166
2015-08-14,122,轻度污染,42,61,15,0.7,35,184
2015-08-15,70,良,30,52,12,0.7,33,124
2015-08-16,66,良,38,57,11,0.8,42,119
2015-08-17,116,轻度污染,41,63,14,0.8,34,177
2015-08-18,96,良,51,74,13,0.8,37,155
2015-08-19,82,良,32,54,12,0.7,32,138
2015-08-20,53,良,36,55,15,0.9,39,84
2015-08-21,72,良,40,64,23,0.9,40,126
2015-08-22,67,良,23,33,11,0.7,53,72
2015-08-23,45,优,17,26,15,0.6,36,80
2015-08-24,43,优,16,29,16,0.7,34,69
2015-08-25,100,良,47,74,21,1.0,45,159
2015-08-26,127,轻度污染,72,109,22,1.1,52,189
2015-08-27,123,轻度污染,80,113,18,1.1,51,185
2015-08-28,155,中度污染,98,128,45,1.4,58,220
2015-08-29,137,轻度污染,88,111,19,1.0,43,200
2015-08-30,106,轻度污染,68,88,16,0.9,37,166
2015-08-31,85,良,57,76,14,0.9,41,142
2015-09-01,129,轻度污染,56,82,16,0.9,40,191
2015-09-02,130,轻度污染,63,98,25,1.2,61,193
2015-09-03,161,中度污染,63,99,25,1.1,46,226
2015-09-04,141,轻度污染,78,107,16,1.0,38,205
2015-09-05,80,良,35,47,13,0.9,33,136
2015-09-06,81,良,36,54,21,1.0,33,137
2015-09-07,68,良,23,44,25,0.8,38,121
2015-09-08,70,良,20,37,14,0.6,33,124
2015-09-09,87,良,17,35,13,0.6,35,144
2015-09-10,109,轻度污染,27,52,19,0.6,47,169
2015-09-11,136,轻度污染,41,79,25,0.8,51,199
2015-09-12,75,良,55,80,25,1.0,56,114
2015-09-13,80,良,39,65,29,0.8,51,136
2015-09-14,62,良,26,56,16,0.6,49,109
2015-09-15,78,良,30,36,11,0.8,62,65
2015-09-16,65,良,35,54,24,0.7,52,115
2015-09-17,91,良,44,79,31,0.9,61,149
2015-09-18,77,良,40,70,19,0.7,61,125
2015-09-19,74,良,28,49,17,0.6,41,128
2015-09-20,67,良,46,72,19,0.7,53,111
2015-09-21,91,良,54,81,15,0.8,53,149
2015-09-22,59,良,32,56,15,0.6,47,86
2015-09-23,60,良,35,47,16,0.9,40,111
2015-09-24,65,良,42,65,30,0.9,49,118
2015-09-25,67,良,39,60,21,0.6,43,120
2015-09-26,75,良,43,71,24,0.6,42,129
2015-09-27,71,良,41,62,23,0.6,32,125
2015-09-28,58,良,33,60,17,0.6,30,109
2015-09-29,52,良,14,25,9,0.6,29,102
2015-09-30,44,优,22,43,12,0.8,35,67
2015-10-01,65,良,30,79,13,0.7,29,95
2015-10-02,84,良,37,99,25,0.8,53,140
2015-10-03,98,良,54,111,19,0.8,63,157
2015-10-04,53,良,35,55,13,0.6,41,102
2015-10-05,59,良,26,40,11,0.7,47,82
2015-10-06,64,良,31,47,14,0.7,51,66
2015-10-07,53,良,20,38,11,0.6,30,103
2015-10-08,59,良,23,45,13,0.6,47,87
2015-10-09,92,良,68,100,26,1.2,59,108
2015-10-10,81,良,59,112,30,0.9,53,113
2015-10-11,82,良,57,114,34,0.9,64,114
2015-10-12,122,轻度污染,92,163,32,1.4,88,153
2015-10-13,110,轻度污染,83,147,24,1.1,88,162
2015-10-14,138,轻度污染,105,170,37,1.2,103,155
2015-10-15,104,轻度污染,65,98,27,0.8,75,164
2015-10-16,109,轻度污染,64,100,23,0.9,69,169
2015-10-17,89,良,50,76,17,0.8,71,125
2015-10-18,78,良,45,68,14,0.8,55,133
2015-10-19,74,良,49,70,15,0.8,59,126
2015-10-20,83,良,52,80,17,0.7,54,139
2015-10-21,80,良,48,81,18,0.9,56,136
2015-10-22,120,轻度污染,91,128,22,1.0,50,135
2015-10-23,108,轻度污染,81,121,17,0.9,55,120
2015-10-24,77,良,56,89,17,0.8,49,106
2015-10-25,72,良,52,89,17,0.9,44,106
2015-10-26,75,良,44,95,19,0.9,50,129
2015-10-27,91,良,64,132,22,1.1,52,81
2015-10-28,105,轻度污染,65,143,39,1.1,90,68
2015-10-29,85,良,48,79,20,0.8,68,57
2015-10-30,59,良,34,64,28,0.7,47,82
2015-10-31,53,良,27,51,27,0.6,42,83
2015-11-01,79,良,58,78,31,1.3,59,46
2015-11-02,122,轻度污染,92,143,33,1.4,68,112
2015-11-03,107,轻度污染,80,120,20,1.2,69,112
2015-11-04,87,良,43,69,18,1.1,69,44
2015-11-05,84,良,56,85,26,1.2,67,41
2015-11-06,47,优,16,42,14,0.7,37,67
2015-11-07,50,优,33,50,16,1.2,36,31
2015-11-08,78,良,57,83,19,1.7,39,12
2015-11-09,87,良,64,92,19,1.2,46,38
2015-11-10,62,良,44,74,26,1.0,47,78
2015-11-11,60,良,30,58,18,0.6,48,80
2015-11-12,87,良,54,74,23,0.9,69,50
2015-11-13,53,良,37,42,13,1.1,41,45
2015-11-14,139,轻度污染,106,119,23,1.5,44,116
2015-11-15,128,轻度污染,97,112,23,1.4,58,113
2015-11-16,92,良,68,86,21,1.6,52,74
2015-11-17,64,良,40,61,17,1.2,51,48
2015-11-18,54,良,31,51,18,0.9,43,63
2015-11-19,79,良,43,58,22,0.8,63,44
2015-11-20,79,良,42,62,21,0.8,63,41
2015-11-21,80,良,28,30,11,1.1,64,25
2015-11-22,70,良,32,50,11,1.2,56,55
2015-11-23,62,良,36,45,13,1.2,49,49
2015-11-24,39,优,18,25,9,0.7,31,54
2015-11-25,55,良,39,52,13,0.7,32,53
2015-11-26,68,良,49,56,25,0.8,31,60
2015-11-27,72,良,48,64,26,0.9,57,62
2015-11-28,115,轻度污染,87,120,45,1.2,100,36
2015-11-29,124,轻度污染,94,107,35,1.3,88,38
2015-11-30,143,轻度污染,109,134,26,1.8,94,39
2015-12-01,97,良,68,58,15,1.0,77,53
2015-12-02,87,良,64,112,27,1.2,68,34
2015-12-03,88,良,42,125,30,0.9,55,56
2015-12-04,82,良,44,88,37,1.1,65,42
2015-12-05,97,良,65,96,40,1.1,77,18
2015-12-06,129,轻度污染,98,121,33,1.7,80,27
2015-12-07,104,轻度污染,78,94,31,1.3,83,45
2015-12-08,87,良,36,54,16,0.8,69,45
2015-12-09,101,轻度污染,47,62,15,1.1,82,19
2015-12-10,88,良,65,70,14,1.4,67,7
2015-12-11,156,中度污染,119,109,22,1.4,54,34
2015-12-12,82,良,56,93,38,1.2,65,42
2015-12-13,95,良,71,86,29,1.1,68,16
2015-12-14,212,重度污染,162,185,38,1.6,60,47
2015-12-15,253,重度污染,203,226,56,2.0,83,42
2015-12-16,65,良,40,80,33,0.8,50,58
2015-12-17,63,良,40,69,33,0.9,50,50
2015-12-18,95,良,64,97,34,1.3,76,31
2015-12-19,92,良,52,74,18,0.9,73,27
2015-12-20,88,良,62,60,14,1.3,70,10
2015-12-21,211,重度污染,161,183,30,1.9,86,36
2015-12-22,142,轻度污染,108,141,27,1.4,87,23
2015-12-23,238,重度污染,188,206,36,2.1,78,22
2015-12-24,87,良,64,73,20,1.1,64,31
2015-12-25,201,重度污染,151,175,34,1.6,71,64
2015-12-26,127,轻度污染,96,144,31,1.6,89,39
2015-12-27,94,良,70,108,32,1.2,63,48
2015-12-28,72,良,43,77,29,1.0,57,49
2015-12-29,101,轻度污染,74,110,22,1.1,82,55
2015-12-30,145,轻度污染,111,150,38,1.5,86,49
2015-12-31,202,重度污染,152,165,36,1.6,81,62
2016-01-01,95,良,71,82,16,1.0,71,72
2016-01-02,119,轻度污染,90,155,34,1.5,98,78
2016-01-03,186,中度污染,140,209,32,1.8,133,57
2016-01-04,195,中度污染,146,185,30,1.6,107,41
2016-01-05,48,优,24,33,10,0.6,38,71
2016-01-06,72,良,52,78,21,0.9,57,61
2016-01-07,127,轻度污染,96,118,33,1.2,70,22
2016-01-08,98,良,73,98,38,1.2,71,55
2016-01-09,158,中度污染,120,145,38,1.4,101,69
2016-01-10,105,轻度污染,78,97,26,1.1,90,34
2016-01-11,64,良,46,52,15,0.8,45,71
2016-01-12,67,良,48,64,20,0.8,47,64
2016-01-13,135,轻度污染,103,105,34,1.3,67,41
2016-01-14,152,中度污染,116,148,33,1.5,91,55
2016-01-15,133,轻度污染,101,167,34,1.7,100,66
2016-01-16,160,中度污染,122,163,34,1.6,112,55
2016-01-17,130,轻度污染,99,123,21,1.4,74,53
2016-01-18,182,中度污染,137,149,27,1.4,58,39
2016-01-19,115,轻度污染,87,110,34,1.3,66,67
2016-01-20,58,良,29,49,17,0.8,46,43
2016-01-21,63,良,28,37,11,0.7,50,37
2016-01-22,80,良,59,51,17,1.0,43,46
2016-01-23,64,良,46,60,20,0.8,32,62
2016-01-24,68,良,25,86,18,0.7,19,61
2016-01-25,65,良,28,79,18,0.9,41,67
2016-01-26,100,良,46,88,17,1.1,80,59
2016-01-27,110,轻度污染,65,97,18,1.2,99,13
2016-01-28,98,良,42,50,11,1.2,78,7
2016-01-29,52,良,30,51,9,0.8,41,59
2016-01-30,59,良,39,68,15,0.8,43,52
2016-01-31,79,良,58,78,16,1.0,42,58
2016-02-01,75,良,55,70,19,1.0,41,68
2016-02-02,138,轻度污染,105,130,30,1.5,67,71
2016-02-03,125,轻度污染,95,127,20,1.4,79,81
2016-02-04,89,良,37,55,13,0.9,71,43
2016-02-05,147,轻度污染,112,111,29,1.6,71,113
2016-02-06,79,良,58,76,21,1.1,48,90
2016-02-07,88,良,65,111,22,0.9,41,109
2016-02-08,188,中度污染,141,190,35,0.9,44,108
2016-02-09,108,轻度污染,81,111,17,0.9,54,116
2016-02-10,56,良,38,62,14,0.7,35,104
2016-02-11,52,良,29,43,12,0.8,41,91
2016-02-12,52,良,33,54,9,0.8,39,69
2016-02-13,78,良,57,68,8,1.6,32,48
2016-02-14,38,优,24,37,11,0.7,18,75
2016-02-15,43,优,24,41,19,0.8,19,85
2016-02-16,45,优,30,45,19,0.8,26,89
2016-02-17,72,良,47,67,23,1.1,57,96
2016-02-18,89,良,66,93,25,1.2,71,89
2016-02-19,111,轻度污染,81,108,24,1.3,101,19
2016-02-20,91,良,64,131,24,1.0,49,89
2016-02-21,90,良,45,130,15,0.8,42,93
2016-02-22,71,良,46,91,8,0.9,45,85
2016-02-23,104,轻度污染,78,115,14,1.1,38,68
2016-02-24,59,良,40,68,18,0.9,42,82
2016-02-25,64,良,46,66,18,0.8,50,100
2016-02-26,105,轻度污染,79,137,31,1.1,75,84
2016-02-27,90,良,67,120,25,1.1,71,92
2016-02-28,132,轻度污染,100,122,28,1.1,54,78
2016-02-29,85,良,63,80,21,0.9,38,94
2016-03-01,64,良,46,62,16,0.9,42,105
2016-03-02,120,轻度污染,91,129,23,1.2,69,86
2016-03-03,153,中度污染,117,189,32,1.5,128,73
2016-03-04,98,良,35,84,23,0.8,78,83
2016-03-05,117,轻度污染,88,129,28,1.2,57,143
2016-03-06,140,轻度污染,107,115,12,1.1,49,61
2016-03-07,124,轻度污染,94,138,15,1.3,67,57
2016-03-08,36,优,20,28,6,0.7,28,72
2016-03-09,43,优,21,43,11,0.6,23,74
2016-03-10,45,优,28,45,18,0.8,36,70
2016-03-11,87,良,64,88,22,1.0,68,89
2016-03-12,117,轻度污染,88,102,20,0.9,43,121
2016-03-13,114,轻度污染,86,92,24,1.2,52,104
2016-03-14,115,轻度污染,87,99,23,1.0,49,103
2016-03-15,82,良,60,67,14,0.8,49,89
2016-03-16,80,良,51,81,15,0.8,64,100
2016-03-17,63,良,35,55,11,0.7,50,72
2016-03-18,128,轻度污染,97,157,39,1.6,92,47
2016-03-19,65,良,47,66,16,0.7,44,70
2016-03-20,78,良,57,91,16,0.8,50,95
2016-03-21,80,良,59,82,16,0.8,52,87
2016-03-22,62,良,43,64,12,0.7,49,75
2016-03-23,58,良,33,65,15,0.6,35,101
2016-03-24,53,良,27,56,21,0.7,33,91
2016-03-25,64,良,42,77,31,0.8,50,106
2016-03-26,70,良,51,74,18,0.7,48,120
2016-03-27,134,轻度污染,102,120,23,1.0,50,111
2016-03-28,102,轻度污染,76,120,26,1.0,66,149
2016-03-29,107,轻度污染,73,140,35,1.1,94,102
2016-03-30,99,良,74,119,24,1.0,75,78
2016-03-31,78,良,51,80,10,1.0,62,92
2016-04-01,102,轻度污染,76,103,16,1.1,60,162
2016-04-02,84,良,47,73,13,1.1,67,96
2016-04-03,55,良,39,54,12,1.1,43,84
2016-04-04,58,良,30,62,18,0.8,34,109
2016-04-05,60,良,27,60,12,0.7,48,76
2016-04-06,58,良,25,48,10,1.0,46,71
2016-04-07,81,良,55,111,13,1.0,57,49
2016-04-08,78,良,51,88,17,1.0,62,133
2016-04-09,94,良,40,74,17,0.8,54,152
2016-04-10,89,良,51,108,17,0.9,71,100
2016-04-11,77,良,50,99,12,0.9,61,93
2016-04-12,56,良,35,61,9,0.8,43,95
2016-04-13,107,轻度污染,61,111,18,1.1,64,167
2016-04-14,134,轻度污染,76,131,16,1.1,59,197
2016-04-15,82,良,58,113,13,0.8,53,138
2016-04-16,47,优,23,42,11,0.8,37,89
2016-04-17,73,良,43,76,17,0.9,34,127
2016-04-18,89,良,32,56,14,0.6,38,146
2016-04-19,84,良,23,54,13,0.7,36,140
2016-04-20,59,良,24,39,12,0.8,47,104
2016-04-21,106,轻度污染,45,90,13,1.1,59,166
2016-04-22,126,轻度污染,67,113,18,1.1,60,188
2016-04-23,93,良,31,37,7,0.7,38,151
2016-04-24,67,良,48,80,10,0.8,49,114
2016-04-25,73,良,38,73,10,0.7,58,84
2016-04-26,67,良,29,52,13,0.7,53,72
2016-04-27,74,良,45,77,15,0.9,39,128
2016-04-28,100,良,55,103,23,1.1,59,159
2016-04-29,141,轻度污染,88,154,29,1.5,87,205
2016-04-30,146,轻度污染,59,105,23,0.9,56,210
2016-05-01,125,轻度污染,48,87,18,0.9,43,187
2016-05-02,62,良,39,73,14,1.0,41,111
2016-05-03,90,良,29,89,10,0.6,31,148
2016-05-04,113,轻度污染,50,110,29,0.9,65,174
2016-05-05,69,良,44,81,16,0.9,55,114
2016-05-06,110,轻度污染,51,87,19,1.0,39,170
2016-05-07,169,中度污染,65,287,10,0.7,41,133
2016-05-08,67,良,38,84,12,0.7,49,72
2016-05-09,75,良,39,58,12,0.8,60,59
2016-05-10,58,良,29,62,15,0.8,46,103
2016-05-11,138,轻度污染,62,100,21,1.0,50,201
2016-05-12,150,轻度污染,48,89,19,0.8,41,215
2016-05-13,85,良,59,86,12,0.8,34,142
2016-05-14,82,良,34,62,12,0.6,32,138
2016-05-15,50,优,28,46,12,1.0,40,68
2016-05-16,100,良,41,67,15,0.9,40,159
2016-05-17,90,良,29,58,18,0.6,51,147
2016-05-18,95,良,31,63,13,0.6,38,154
2016-05-19,102,轻度污染,34,76,13,0.7,33,162
2016-05-20,65,良,27,50,10,0.7,52,99
2016-05-21,50,优,13,18,6,0.7,40,73
2016-05-22,53,良,37,56,10,0.9,28,102
2016-05-23,63,良,45,76,15,0.9,41,101
2016-05-24,125,轻度污染,61,98,20,1.1,58,187
2016-05-25,110,轻度污染,60,95,16,1.1,41,170
2016-05-26,89,良,66,95,14,1.4,60,117
2016-05-27,65,良,31,42,6,0.9,52,48
2016-05-28,75,良,20,29,7,1.1,60,41
2016-05-29,72,良,48,81,13,1.3,57,82
2016-05-30,95,良,63,97,14,1.1,48,154
2016-05-31,79,良,52,87,14,1.1,47,134
2016-06-01,57,良,27,48,7,0.8,41,108
2016-06-02,75,良,38,66,13,0.7,47,129
2016-06-03,63,良,20,29,7,0.8,50,96
2016-06-04,66,良,24,43,10,0.7,30,119
2016-06-05,85,良,26,42,13,0.7,29,141
2016-06-06,117,轻度污染,38,67,10,0.6,36,178
2016-06-07,72,良,46,78,10,0.7,43,126
2016-06-08,65,良,33,56,9,0.8,52,63
2016-06-09,52,良,30,48,9,0.8,41,78
2016-06-10,80,良,26,49,9,0.6,24,135
2016-06-11,68,良,41,78,13,0.8,54,114
2016-06-12,50,优,20,30,7,0.6,40,86
2016-06-13,137,轻度污染,34,67,20,0.7,45,200
2016-06-14,140,轻度污染,33,67,18,0.7,37,203
2016-06-15,79,良,56,99,21,1.1,57,134
2016-06-16,133,轻度污染,69,102,18,1.2,38,196
2016-06-17,137,轻度污染,43,83,17,0.9,40,200
2016-06-18,102,轻度污染,28,60,18,0.8,36,162
2016-06-19,42,优,19,38,13,0.8,33,81
2016-06-20,39,优,10,20,9,0.6,31,54
2016-06-21,123,轻度污染,51,105,18,1.1,67,185
2016-06-22,59,良,29,49,11,0.8,47,100
2016-06-23,98,良,48,90,16,1.0,56,157
2016-06-24,76,良,39,62,17,1.0,37,131
2016-06-25,51,良,31,41,12,0.8,38,101
2016-06-26,76,良,20,33,10,0.6,31,131
2016-06-27,59,良,21,34,11,0.9,47,107
2016-06-28,77,良,21,29,10,1.1,61,44
2016-06-29,59,良,19,38,15,0.7,47,46
2016-06-30,102,轻度污染,26,58,18,0.7,44,162
2016-07-01,48,优,24,45,14,0.7,38,74
2016-07-02,70,良,18,28,10,1.0,56,44
2016-07-03,54,良,20,34,10,0.7,43,52
2016-07-04,108,轻度污染,39,73,15,0.8,47,168
2016-07-05,50,优,21,44,10,0.6,40,95
2016-07-06,69,良,28,56,12,0.7,51,122
2016-07-07,42,优,16,42,15,0.6,33,54
2016-07-08,35,优,14,31,13,0.6,28,64
2016-07-09,39,优,15,36,13,0.6,31,42
2016-07-10,38,优,19,35,11,0.6,30,51
2016-07-11,46,优,25,46,10,0.7,30,83
2016-07-12,107,轻度污染,42,72,14,0.8,38,167
2016-07-13,72,良,39,70,12,0.8,36,126
2016-07-14,58,良,33,51,9,0.9,46,51
2016-07-15,71,良,30,55,11,0.8,34,125
2016-07-16,94,良,28,45,9,0.8,23,152
2016-07-17,115,轻度污染,47,75,16,0.8,31,176
2016-07-18,99,良,25,45,9,0.7,27,158
2016-07-19,107,轻度污染,30,57,14,0.7,33,167
2016-07-20,112,轻度污染,29,58,15,0.7,36,173
2016-07-21,91,良,26,58,16,0.6,34,149
2016-07-22,81,良,32,64,17,0.7,37,137
2016-07-23,86,良,36,67,15,0.7,33,143
2016-07-24,140,轻度污染,39,76,14,0.8,34,203
2016-07-25,131,轻度污染,29,58,11,0.7,28,194
2016-07-26,134,轻度污染,45,84,12,0.8,31,197
2016-07-27,91,良,49,96,15,0.9,44,149
2016-07-28,106,轻度污染,53,94,15,0.8,36,166
2016-07-29,115,轻度污染,52,94,15,0.9,51,176
2016-07-30,97,良,35,56,8,0.7,26,156
2016-07-31,45,优,17,33,9,0.6,20,90
2016-08-01,45,优,16,45,12,0.6,22,80
2016-08-02,61,良,15,47,10,0.6,31,113
2016-08-03,54,良,17,39,8,0.7,43,65
2016-08-04,77,良,31,52,12,0.9,45,132
2016-08-05,74,良,26,49,20,0.8,37,128
2016-08-06,57,良,25,37,9,0.6,29,108
2016-08-07,43,优,11,28,8,0.5,24,86
2016-08-08,41,优,10,33,9,0.5,28,82
2016-08-09,37,优,12,33,9,0.6,29,63
2016-08-10,37,优,11,28,8,0.6,24,73
2016-08-11,65,良,16,38,10,0.6,25,117
2016-08-12,46,优,15,32,9,0.6,23,92
2016-08-13,45,优,15,31,8,0.6,20,89
2016-08-14,85,良,21,44,10,0.6,22,142
2016-08-15,105,轻度污染,17,41,11,0.7,26,165
2016-08-16,93,良,22,44,12,0.7,28,151
2016-08-17,103,轻度污染,22,48,12,0.7,34,163
2016-08-18,84,良,21,43,11,0.7,26,140
2016-08-19,101,轻度污染,24,55,12,0.8,37,161
2016-08-20,128,轻度污染,41,77,19,1.1,43,190
2016-08-21,113,轻度污染,59,94,28,1.5,51,174
2016-08-22,85,良,22,43,11,0.8,33,142
2016-08-23,108,轻度污染,23,42,12,0.7,29,168
2016-08-24,130,轻度污染,22,46,13,0.7,36,193
2016-08-25,130,轻度污染,27,57,11,0.8,39,192
2016-08-26,49,优,24,48,15,0.9,28,97
2016-08-27,79,良,21,52,16,0.8,34,134
2016-08-28,121,轻度污染,30,64,20,0.9,35,183
2016-08-29,100,良,32,60,21,1.0,51,159
2016-08-30,87,良,28,66,17,0.9,46,144
2016-08-31,130,轻度污染,37,84,16,1.0,53,193
2016-09-01,125,轻度污染,54,96,16,1.0,39,187
2016-09-02,145,轻度污染,65,112,18,1.2,41,209
2016-09-03,138,轻度污染,53,101,16,1.0,57,201
2016-09-04,104,轻度污染,49,90,15,1.1,44,164
2016-09-05,93,良,36,74,16,1.1,54,151
2016-09-06,103,轻度污染,51,86,18,1.2,85,66
2016-09-07,73,良,30,43,8,1.0,58,79
2016-09-08,107,轻度污染,46,84,13,1.2,69,167
2016-09-09,157,中度污染,47,82,16,1.1,66,222
2016-09-10,64,良,42,77,14,1.0,51,113
2016-09-11,87,良,37,60,15,1.0,69,65
2016-09-12,84,良,38,62,11,1.0,54,140
2016-09-13,85,良,39,61,14,1.0,54,141
2016-09-14,64,良,23,34,9,0.8,51,70
2016-09-15,43,优,11,18,8,0.8,34,62
2016-09-16,34,优,10,20,9,0.8,27,42
2016-09-17,40,优,16,33,13,0.9,32,72
2016-09-18,60,良,33,65,17,1.2,34,112
2016-09-19,51,良,25,52,14,0.9,36,90
2016-09-20,71,良,28,58,19,0.9,48,125
2016-09-21,90,良,30,60,22,1.1,72,72
2016-09-22,87,良,23,50,16,0.9,69,136
2016-09-23,78,良,27,54,16,0.9,60,133
2016-09-24,105,轻度污染,33,59,13,0.9,43,165
2016-09-25,122,轻度污染,34,64,15,0.9,44,184
2016-09-26,74,良,29,59,16,0.9,50,128
2016-09-27,48,优,20,48,12,0.8,38,47
2016-09-28,33,优,13,22,9,0.8,24,66
2016-09-29,42,优,14,27,11,0.8,33,65
2016-09-30,67,良,27,48,14,1.3,53,30
2016-10-01,80,良,50,80,16,1.5,64,68
2016-10-02,64,良,43,71,17,1.3,44,116
2016-10-03,44,优,20,35,15,1.1,35,66
2016-10-04,50,优,26,50,21,0.9,38,77
2016-10-05,58,良,36,65,18,1.0,40,107
2016-10-06,60,良,27,52,12,0.8,32,111
2016-10-07,60,良,20,38,13,0.9,48,45
2016-10-08,47,优,23,45,15,0.9,35,93
2016-10-09,52,良,22,46,18,0.8,41,76
2016-10-10,60,良,22,48,17,0.8,48,83
2016-10-11,55,良,18,39,15,0.6,44,94
2016-10-12,62,良,29,52,18,0.8,49,87
2016-10-13,63,良,27,50,14,0.7,50,70
2016-10-14,78,良,21,48,14,0.8,62,48
2016-10-15,74,良,22,57,13,0.8,59,49
2016-10-16,70,良,50,82,22,1.1,56,70
2016-10-17,54,良,37,55,16,1.0,39,104
2016-10-18,60,良,22,44,15,0.9,48,84
2016-10-19,82,良,30,45,12,1.1,65,45
2016-10-20,80,良,22,34,11,1.0,64,34
2016-10-21,49,优,10,15,8,0.8,39,44
2016-10-22,38,优,7,12,9,0.8,30,48
2016-10-23,43,优,24,41,15,0.9,34,64
2016-10-24,55,良,25,49,15,0.9,44,83
2016-10-25,70,良,39,59,18,1.3,56,23
2016-10-26,72,良,20,28,11,1.1,57,58
2016-10-27,70,良,21,36,10,0.9,56,67
2016-10-28,50,优,27,37,12,0.9,40,51
2016-10-29,55,良,30,44,18,0.9,44,47
2016-10-30,67,良,29,55,19,0.9,53,66
2016-10-31,67,良,28,41,14,0.8,53,46
2016-11-01,45,优,15,33,13,0.6,36,76
2016-11-02,90,良,39,67,20,1.0,72,69
2016-11-03,103,轻度污染,71,105,22,1.3,86,103
2016-11-04,120,轻度污染,91,119,27,1.2,100,94
2016-11-05,104,轻度污染,67,125,25,1.4,88,81
2016-11-06,108,轻度污染,81,119,21,1.5,96,100
2016-11-07,77,良,33,52,13,0.8,61,55
2016-11-08,44,优,23,44,14,0.7,27,71
2016-11-09,55,良,28,44,21,0.7,44,49
2016-11-10,67,良,43,60,22,1.0,53,36
2016-11-11,77,良,41,72,18,0.9,61,56
2016-11-12,88,良,43,96,22,1.0,70,64
2016-11-13,113,轻度污染,76,128,21,1.3,106,44
2016-11-14,125,轻度污染,95,150,30,1.5,90,70
2016-11-15,68,良,44,85,17,0.9,41,84
2016-11-16,87,良,20,52,14,0.7,69,38
2016-11-17,101,轻度污染,24,35,12,0.8,81,21
2016-11-18,93,良,44,72,16,1.2,74,39
2016-11-19,103,轻度污染,67,124,21,1.8,86,34
2016-11-20,64,良,32,49,13,1.3,51,40
2016-11-21,78,良,33,59,15,1.1,62,32
2016-11-22,35,优,18,26,12,0.7,28,65
2016-11-23,52,良,36,38,14,0.9,40,37
2016-11-24,93,良,69,81,31,1.2,58,56
2016-11-25,104,轻度污染,78,96,32,1.3,78,21
2016-11-26,74,良,54,63,16,1.2,57,41
2016-11-27,127,轻度污染,96,148,40,1.4,76,69
2016-11-28,114,轻度污染,86,137,35,1.3,72,76
2016-11-29,89,良,30,56,20,0.9,71,31
2016-11-30,82,良,60,79,22,1.1,63,58
2016-12-01,144,轻度污染,110,149,34,1.4,76,87
2016-12-02,88,良,45,66,20,0.9,70,84
2016-12-03,89,良,36,62,18,0.9,71,81
2016-12-04,114,轻度污染,86,133,30,1.5,85,97
2016-12-05,138,轻度污染,105,150,28,1.5,75,96
2016-12-06,78,良,57,82,21,1.0,48,69
2016-12-07,155,中度污染,118,158,35,1.6,95,78
2016-12-08,198,中度污染,148,195,36,1.9,123,86
2016-12-09,120,轻度污染,91,106,26,1.2,65,98
2016-12-10,63,良,23,37,17,0.7,50,69
2016-12-11,60,良,24,45,17,0.7,48,70
2016-12-12,98,良,61,110,28,1.2,78,52
2016-12-13,93,良,69,110,21,1.6,56,47
2016-12-14,48,优,32,48,17,0.8,29,65
2016-12-15,104,轻度污染,78,89,30,1.1,54,72
2016-12-16,213,重度污染,163,174,40,1.7,90,67
2016-12-17,160,中度污染,122,105,30,1.2,78,75
2016-12-18,99,良,56,117,27,1.2,79,48
2016-12-19,144,轻度污染,110,156,36,1.7,117,25
2016-12-20,80,良,55,52,16,0.9,64,39
2016-12-21,60,良,24,34,13,1.0,48,38
2016-12-22,142,轻度污染,108,148,18,1.6,45,75
2016-12-23,166,中度污染,126,125,29,1.6,68,61
2016-12-24,70,良,39,52,20,0.8,56,40
2016-12-25,82,良,23,32,13,0.8,65,27
2016-12-26,63,良,25,29,13,1.0,50,38
2016-12-27,58,良,41,52,16,0.8,35,63
2016-12-28,73,良,53,69,24,0.9,58,54
2016-12-29,130,轻度污染,99,114,27,1.1,62,83
2016-12-30,97,良,67,87,22,1.1,77,48
2016-12-31,124,轻度污染,94,134,26,1.5,107,44
2017-01-01,101,轻度污染,59,83,19,1.2,83,40
2017-01-02,125,轻度污染,95,122,27,1.5,83,30
2017-01-03,186,中度污染,140,149,22,1.7,93,41
2017-01-04,109,轻度污染,74,104,20,1.4,98,15
2017-01-05,60,良,24,22,11,0.9,48,69
2017-01-06,67,良,26,37,12,1.0,53,57
2017-01-07,56,良,23,20,12,1.0,45,63
2017-01-08,116,轻度污染,87,86,15,1.7,45,24
2017-01-09,127,轻度污染,98,92,26,1.3,44,50
2017-01-10,140,轻度污染,107,100,27,1.4,54,66
2017-01-11,65,良,47,56,19,0.9,47,71
2017-01-12,83,良,63,58,21,1.0,56,44
2017-01-13,128,轻度污染,99,113,33,1.3,63,67
2017-01-14,61,良,43,52,20,1.0,38,77
2017-01-15,38,优,20,30,14,0.5,31,75
2017-01-16,52,良,28,33,13,0.6,43,74
2017-01-17,92,良,59,64,18,0.9,74,33
2017-01-18,75,良,45,41,12,0.8,60,46
2017-01-19,122,轻度污染,94,93,19,1.1,62,45
2017-01-20,72,良,44,92,19,0.7,36,78
2017-01-21,63,良,44,56,18,0.8,52,77
2017-01-22,90,良,65,82,25,1.1,57,70
2017-01-23,56,良,34,44,17,0.7,44,82
2017-01-24,60,良,37,42,18,0.7,48,70
2017-01-25,102,轻度污染,77,73,18,0.9,53,90
2017-01-26,97,良,72,64,15,0.9,39,98
2017-01-27,85,良,61,85,13,0.9,29,77
2017-01-28,66,良,37,81,13,0.8,22,100
2017-01-29,83,良,60,69,13,1.1,30,81
2017-01-30,49,优,31,43,10,0.6,13,76
2017-01-31,40,优,19,25,13,0.6,19,81
2017-02-01,62,良,48,46,13,0.8,20,74
2017-02-02,56,良,39,45,14,0.7,23,90
2017-02-03,53,良,26,28,12,0.8,44,54
2017-02-04,80,良,60,53,11,1.4,50,19
2017-02-05,149,轻度污染,116,113,14,1.6,51,72
2017-02-06,98,良,72,72,12,1.0,39,90
2017-02-07,38,优,18,32,11,0.6,27,76
2017-02-08,44,优,32,25,9,0.6,27,73
2017-02-09,121,轻度污染,93,85,20,1.1,34,94
2017-02-10,63,良,45,64,24,0.9,38,92
2017-02-11,67,良,50,66,25,1.1,51,88
2017-02-12,103,轻度污染,78,81,30,1.2,70,105
2017-02-13,116,轻度污染,88,84,23,1.2,76,100
2017-02-14,103,轻度污染,79,72,21,1.0,75,115
2017-02-15,103,轻度污染,77,64,19,0.8,51,131
2017-02-16,92,良,61,84,21,0.9,74,58
2017-02-17,88,良,64,89,16,0.9,50,60
2017-02-18,55,良,28,51,14,0.6,44,65
2017-02-19,81,良,59,80,20,1.0,49,97
2017-02-20,69,良,46,86,15,0.8,32,78
2017-02-21,51,良,27,54,12,0.6,30,84
2017-02-22,78,良,60,50,13,1.0,39,54
2017-02-23,134,轻度污染,100,89,20,1.2,45,71
2017-02-24,96,良,75,80,23,1.2,65,113
2017-02-25,145,轻度污染,112,105,24,1.3,80,130
2017-02-26,155,中度污染,122,112,27,1.2,69,156
2017-02-27,82,良,60,54,17,0.9,51,110
2017-02-28,84,良,47,49,17,0.7,45,141
2017-03-01,82,良,65,103,23,0.9,47,107
2017-03-02,63,良,47,60,17,0.9,45,102
2017-03-03,91,良,68,79,23,0.9,65,125
2017-03-04,107,轻度污染,81,94,18,1.0,74,145
2017-03-05,101,轻度污染,75,81,18,1.2,70,96
2017-03-06,60,良,37,51,15,0.8,34,112
2017-03-07,74,良,46,62,17,0.8,45,129
2017-03-08,65,良,47,65,18,0.9,51,116
2017-03-09,108,轻度污染,85,107,26,1.1,86,139
2017-03-10,106,轻度污染,79,91,21,1.0,69,110
2017-03-11,100,良,47,55,15,0.8,35,160
2017-03-12,69,良,33,40,12,0.8,37,123
2017-03-13,55,良,36,43,12,0.8,30,107
2017-03-14,65,良,34,52,16,0.8,40,118
2017-03-15,75,良,41,57,16,1.0,59,115
2017-03-16,60,良,36,44,13,0.7,46,113
2017-03-17,71,良,51,54,12,0.8,55,99
2017-03-18,61,良,44,46,12,0.8,47,94
2017-03-19,60,良,42,40,13,0.9,48,82
2017-03-20,58,良,39,34,9,1.0,38,110
2017-03-21,97,良,68,76,14,1.1,34,157
2017-03-22,56,良,21,29,9,0.8,45,79
2017-03-23,52,良,30,31,7,0.8,41,85
2017-03-24,67,良,44,49,12,0.9,53,80
2017-03-25,96,良,72,86,14,1.2,47,105
2017-03-26,80,良,59,104,21,1.0,45,133
2017-03-27,84,良,56,87,23,1.0,62,141
2017-03-28,71,良,46,93,21,0.9,50,112
2017-03-29,133,轻度污染,100,114,17,1.2,50,120
2017-03-30,80,良,56,62,12,0.9,62,60
2017-03-31,71,良,48,50,12,0.8,30,126
2017-04-01,117,轻度污染,90,107,20,1.1,73,150
2017-04-02,106,轻度污染,80,106,20,1.1,69,166
2017-04-03,105,轻度污染,48,68,17,0.6,43,166
2017-04-04,96,良,46,64,14,0.7,33,156
2017-04-05,86,良,48,84,18,1.0,71,89
2017-04-06,104,轻度污染,72,88,14,1.3,76,41
2017-04-07,73,良,46,67,9,1.1,60,53
2017-04-08,81,良,49,72,12,1.2,67,130
2017-04-09,65,良,27,39,11,0.8,31,118
2017-04-10,61,良,37,51,12,1.1,49,97
2017-04-11,71,良,50,59,11,1.2,50,58
2017-04-12,76,良,37,90,17,1.0,62,122
2017-04-13,91,良,29,74,18,0.7,58,150
2017-04-14,134,轻度污染,40,85,20,0.8,58,198
2017-04-15,135,轻度污染,49,104,19,1.1,72,199
2017-04-16,164,中度污染,61,111,15,1.1,71,229
2017-04-17,96,良,45,79,13,1.2,42,156
2017-04-18,93,良,40,132,16,0.9,44,152
2017-04-19,104,轻度污染,45,119,16,0.8,48,165
2017-04-20,89,良,49,97,15,1.0,36,147
2017-04-21,95,良,45,93,22,1.0,44,154
2017-04-22,110,轻度污染,40,70,16,0.8,34,172
2017-04-23,152,中度污染,40,79,16,0.7,35,217
2017-04-24,142,轻度污染,41,98,17,0.8,37,207
2017-04-25,71,良,40,91,13,0.9,53,122
2017-04-26,71,良,26,40,10,0.8,29,126
2017-04-27,95,良,38,66,19,1.0,58,155
2017-04-28,132,轻度污染,41,79,17,0.9,56,196
2017-04-29,148,轻度污染,46,92,21,1.0,61,213
2017-04-30,157,中度污染,50,100,26,1.0,57,222
2017-05-01,110,轻度污染,29,69,13,0.8,38,171
2017-05-02,51,良,16,25,7,0.7,24,102
2017-05-03,56,良,16,33,8,0.6,23,108
2017-05-04,42,优,27,34,9,0.9,27,85
2017-05-05,47,优,31,48,11,0.9,36,78
2017-05-06,169,中度污染,0,0,12,1.0,47,173
2017-05-07,140,轻度污染,0,0,17,0.8,47,204
2017-05-08,82,良,38,113,12,0.7,43,87
2017-05-09,84,良,30,56,11,0.9,38,141
2017-05-10,139,轻度污染,46,100,20,1.0,69,203
2017-05-11,143,轻度污染,55,107,22,1.0,67,208
2017-05-12,67,良,31,47,11,0.8,43,121
2017-05-13,118,轻度污染,32,68,15,0.8,46,180
2017-05-14,135,轻度污染,46,96,16,0.8,38,199
2017-05-15,68,良,27,78,16,0.6,51,122
2017-05-16,86,良,22,54,15,0.5,48,144
2017-05-17,127,轻度污染,27,61,18,0.5,41,190
2017-05-18,122,轻度污染,21,53,14,0.6,31,185
2017-05-19,110,轻度污染,26,55,11,0.6,28,172
2017-05-20,99,良,27,55,11,0.7,27,159
2017-05-21,81,良,20,39,10,0.6,23,138
2017-05-22,74,良,19,44,13,0.5,21,129
2017-05-23,53,良,30,44,8,0.7,42,59
2017-05-24,50,优,24,40,8,0.7,30,101
2017-05-25,160,中度污染,39,72,19,0.9,55,225
2017-05-26,138,轻度污染,44,81,16,0.8,45,202
2017-05-27,183,中度污染,36,78,17,0.7,47,248
2017-05-28,155,中度污染,37,79,17,0.7,47,220
2017-05-29,119,轻度污染,23,50,11,0.6,30,181
2017-05-30,165,中度污染,36,67,13,0.7,31,230
2017-05-31,98,良,56,88,11,0.9,48,158
2017-06-01,145,轻度污染,84,123,12,1.1,57,210
2017-06-02,141,轻度污染,51,81,9,0.8,33,206
2017-06-03,111,轻度污染,21,53,9,0.6,35,173
2017-06-04,97,良,19,47,9,0.5,35,157
2017-06-05,56,良,17,31,8,0.6,30,108
2017-06-06,42,优,27,38,9,0.9,27,84
2017-06-07,127,轻度污染,35,57,12,1.0,32,190
2017-06-08,151,中度污染,58,89,14,1.1,52,216
2017-06-09,138,轻度污染,47,79,14,1.0,38,202
2017-06-10,52,良,14,17,9,0.8,42,36
2017-06-11,90,良,11,19,8,0.5,22,149
2017-06-12,49,优,12,21,7,0.5,30,99
2017-06-13,52,良,16,24,7,0.7,43,88
2017-06-14,65,良,22,43,7,0.6,36,118
2017-06-15,85,良,28,57,13,0.7,51,142
2017-06-16,94,良,29,46,10,0.6,35,153
2017-06-17,121,轻度污染,25,45,10,0.5,32,184
2017-06-18,71,良,24,46,10,0.5,26,126
2017-06-19,45,优,15,23,8,0.6,35,67
2017-06-20,97,良,30,48,8,0.9,41,157
2017-06-21,63,良,32,51,7,0.7,51,79
2017-06-22,47,优,12,21,6,0.5,38,69
2017-06-23,67,良,33,58,7,0.7,54,58
2017-06-24,59,良,30,48,7,0.7,43,111
2017-06-25,56,良,39,62,9,0.9,38,67
2017-06-26,85,良,50,75,9,1.0,39,142
2017-06-27,91,良,50,78,11,1.0,44,150
2017-06-28,59,良,39,61,11,0.7,45,111
2017-06-29,95,良,30,43,8,0.6,32,155
2017-06-30,64,良,23,47,9,0.6,44,117
2017-07-01,93,良,30,60,8,0.8,59,152
2017-07-02,85,良,20,43,8,0.5,42,143
2017-07-03,62,良,17,32,8,0.5,29,115
2017-07-04,59,良,18,37,9,0.5,32,111
2017-07-05,78,良,24,44,10,0.6,37,134
2017-07-06,77,良,25,50,10,0.6,40,133
2017-07-07,61,良,26,48,11,0.6,35,114
2017-07-08,62,良,25,54,13,0.6,39,115
2017-07-09,47,优,22,45,12,0.6,35,89
2017-07-10,33,优,14,27,8,0.6,27,61
2017-07-11,64,良,21,42,8,0.6,30,117
2017-07-12,60,良,30,55,10,0.7,40,112
2017-07-13,62,良,32,59,10,0.7,37,115
2017-07-14,83,良,33,65,10,0.6,34,140
2017-07-15,90,良,29,62,12,0.6,34,149
2017-07-16,108,轻度污染,29,60,12,0.6,28,169
2017-07-17,75,良,18,45,11,0.5,27,130
2017-07-18,92,良,34,70,12,0.7,40,151
2017-07-19,71,良,27,53,11,0.7,32,126
2017-07-20,70,良,21,43,10,0.6,27,125
2017-07-21,95,良,30,58,10,0.6,33,155
2017-07-22,93,良,37,70,10,0.7,35,152
2017-07-23,167,中度污染,48,83,13,0.8,41,232
2017-07-24,127,轻度污染,41,74,13,0.8,40,190
2017-07-25,139,轻度污染,45,81,12,0.9,38,203
2017-07-26,115,轻度污染,48,73,8,0.9,28,177
2017-07-27,105,轻度污染,39,61,9,0.8,31,166
2017-07-28,54,良,20,31,8,0.6,28,105
2017-07-29,46,优,19,34,9,0.6,32,93
2017-07-30,31,优,16,30,8,0.6,23,63
2017-07-31,39,优,14,32,9,0.6,33,78
2017-08-01,46,优,19,43,7,0.6,20,92
2017-08-02,47,优,19,39,9,0.7,20,95
2017-08-03,91,良,27,53,9,0.7,27,150
2017-08-04,89,良,34,55,8,0.9,29,147
2017-08-05,106,轻度污染,44,69,10,1.2,42,167
2017-08-06,157,中度污染,54,81,12,1.4,29,222
2017-08-07,108,轻度污染,46,69,10,1.2,23,169
2017-08-08,51,良,19,34,9,1.0,40,62
2017-08-09,36,优,12,17,6,0.8,26,73
2017-08-10,109,轻度污染,24,46,7,1.1,30,170
2017-08-11,143,轻度污染,51,79,10,1.0,46,208
2017-08-12,52,良,30,47,7,0.9,39,103
2017-08-13,45,优,16,27,7,0.7,28,90
2017-08-14,55,良,17,28,7,0.8,24,107
2017-08-15,98,良,44,62,7,1.1,23,158
2017-08-16,80,良,24,40,9,0.9,33,137
2017-08-17,80,良,27,44,9,0.8,37,136
2017-08-18,111,轻度污染,23,46,11,0.7,36,173
2017-08-19,73,良,25,47,9,0.7,30,128
2017-08-20,55,良,15,27,8,0.7,31,107
2017-08-21,117,轻度污染,33,53,8,1.0,46,179
2017-08-22,29,优,14,24,6,0.5,21,59
2017-08-23,43,优,12,28,8,0.5,20,87
2017-08-24,75,良,20,36,9,0.6,24,131
2017-08-25,81,良,26,43,9,0.9,30,138
2017-08-26,58,良,14,31,9,0.8,25,110
2017-08-27,59,良,17,34,9,0.7,25,111
2017-08-28,87,良,22,44,10,0.7,31,145
2017-08-29,45,优,20,34,8,0.7,25,90
2017-08-30,34,优,11,30,8,0.5,27,68
2017-08-31,47,优,15,30,8,0.5,30,94
2017-09-01,47,优,18,36,9,0.6,30,95
2017-09-02,80,良,27,49,8,0.7,37,136
2017-09-03,51,良,17,35,8,0.7,41,101
2017-09-04,60,良,14,33,8,0.6,26,113
2017-09-05,143,轻度污染,59,75,12,1.0,34,208
2017-09-06,75,良,50,56,14,1.5,54,78
2017-09-07,55,良,31,42,10,1.2,45,82
2017-09-08,61,良,23,39,10,0.9,48,106
2017-09-09,51,良,31,44,10,0.8,40,77
2017-09-10,68,良,30,45,9,0.8,32,122
2017-09-11,41,优,18,23,8,1.1,33,57
2017-09-12,65,良,30,47,11,0.9,38,119
2017-09-13,59,良,29,48,10,0.7,28,111
2017-09-14,54,良,13,36,10,0.4,25,105
2017-09-15,43,优,18,42,10,0.6,24,86
2017-09-16,65,良,17,39,13,0.6,27,119
2017-09-17,83,良,29,58,12,0.7,48,140
2017-09-18,150,轻度污染,59,96,14,1.0,64,215
2017-09-19,88,良,65,97,13,1.0,66,117
2017-09-20,48,优,24,24,6,0.6,39,85
2017-09-21,60,良,21,33,9,0.6,49,66
2017-09-22,73,良,29,48,9,0.7,60,85
2017-09-23,70,良,28,39,10,0.7,56,58
2017-09-24,60,良,15,19,7,0.7,46,48
2017-09-25,65,良,16,23,8,0.8,52,17
2017-09-26,81,良,45,67,13,1.2,43,138
2017-09-27,42,优,24,31,10,0.8,33,80
2017-09-28,65,良,23,42,13,0.9,52,60
2017-09-29,77,良,23,47,10,0.7,61,62
2017-09-30,53,良,18,24,8,0.6,42,56
2017-10-01,63,良,28,46,10,0.8,39,116
2017-10-02,46,优,28,37,11,1.2,36,63
2017-10-03,41,优,14,40,9,0.5,21,78
2017-10-04,43,优,12,26,9,0.5,22,86
2017-10-05,53,良,21,35,15,0.8,43,78
2017-10-06,62,良,45,56,14,1.0,51,93
2017-10-07,114,轻度污染,47,69,17,1.1,57,176
2017-10-08,80,良,21,35,10,0.6,35,137
2017-10-09,43,优,17,36,9,0.6,29,86
2017-10-10,58,良,45,66,11,0.8,36,96
2017-10-11,41,优,22,25,8,1.1,33,48
2017-10-12,42,优,16,23,10,0.8,33,70
2017-10-13,42,优,15,29,12,0.7,30,84
2017-10-14,48,优,15,32,10,0.6,27,96
2017-10-15,41,优,11,15,10,0.6,22,82
2017-10-16,41,优,11,18,9,0.6,26,82
2017-10-17,43,优,16,35,11,0.7,35,71
2017-10-18,48,优,23,45,16,0.8,40,83
2017-10-19,60,良,31,47,16,0.9,48,64
2017-10-20,60,良,29,48,16,0.8,48,84
2017-10-21,71,良,41,56,16,1.0,44,126
2017-10-22,95,良,69,88,15,1.3,45,121
2017-10-23,58,良,31,66,14,0.7,47,69
2017-10-24,78,良,38,67,18,1.0,63,101
2017-10-25,82,良,32,53,13,0.7,67,110
2017-10-26,88,良,37,57,13,0.8,71,111
2017-10-27,75,良,37,54,14,0.8,60,120
2017-10-28,64,良,36,54,20,1.0,46,117
2017-10-29,68,良,49,83,16,1.0,42,72
2017-10-30,60,良,25,55,17,0.9,49,79
2017-10-31,73,良,28,51,13,0.7,59,90
2017-11-01,101,轻度污染,45,86,17,0.9,82,109
2017-11-02,106,轻度污染,55,98,17,1.1,95,140
2017-11-03,117,轻度污染,86,137,21,1.5,83,109
2017-11-04,43,优,17,42,15,0.8,35,73
2017-11-05,58,良,22,42,13,0.7,48,66
2017-11-06,86,良,41,78,16,1.0,70,81
2017-11-07,114,轻度污染,84,143,24,1.6,108,38
2017-11-08,107,轻度污染,79,137,23,1.4,79,116
2017-11-09,81,良,25,69,13,0.9,64,66
2017-11-10,82,良,45,89,20,1.0,64,68
2017-11-11,54,良,22,58,16,0.8,43,76
2017-11-12,72,良,24,61,13,0.7,57,68
2017-11-13,93,良,48,83,15,1.0,75,44
2017-11-14,97,良,72,103,18,1.4,78,50
2017-11-15,85,良,34,80,13,1.0,70,68
2017-11-16,71,良,26,33,9,0.9,57,52
2017-11-17,68,良,14,20,9,0.9,53,38
2017-11-18,40,优,18,39,11,0.8,26,72
2017-11-19,52,良,34,50,15,0.9,41,60
2017-11-20,71,良,42,53,17,1.1,60,67
2017-11-21,101,轻度污染,70,75,19,1.2,82,12
2017-11-22,107,轻度污染,80,90,20,1.5,75,65
2017-11-23,93,良,51,133,22,1.1,76,72
2017-11-24,102,轻度污染,54,102,22,1.3,86,66
2017-11-25,110,轻度污染,64,116,29,1.1,100,55
2017-11-26,92,良,68,105,24,1.2,73,66
2017-11-27,71,良,42,116,16,0.9,57,93
2017-11-28,101,轻度污染,70,102,17,1.2,82,45
2017-11-29,119,轻度污染,88,139,14,1.2,50,52
2017-11-30,32,优,19,48,12,0.5,32,65
2017-12-01,59,良,43,85,19,0.7,44,0
2017-12-02,93,良,54,103,18,1.0,77,0
2017-12-03,108,轻度污染,83,126,25,2.0,96,0
2017-12-04,254,重度污染,129,149,22,1.9,66,0
2017-12-05,77,良,36,74,21,1.2,59,0
2017-12-06,105,轻度污染,69,106,22,1.2,87,0
2017-12-07,115,轻度污染,118,154,33,1.4,116,0
2017-12-08,134,轻度污染,38,71,17,1.2,54,0
2017-12-09,104,轻度污染,63,94,22,1.2,83,0
2017-12-10,108,轻度污染,75,126,26,1.2,75,0
2017-12-11,130,轻度污染,112,159,33,1.9,110,0
2017-12-12,138,轻度污染,33,57,12,1.9,54,0
2017-12-13,60,良,28,47,13,0.7,48,54
2017-12-14,63,良,34,49,10,0.7,50,38
2017-12-15,64,良,29,36,10,0.7,51,26
2017-12-16,108,轻度污染,81,92,15,1.4,50,52
2017-12-17,83,良,49,87,22,1.2,66,47
2017-12-18,100,良,58,93,21,1.4,81,48
2017-12-19,99,良,54,95,20,1.4,79,42
2017-12-20,97,良,55,97,20,1.2,77,50
2017-12-21,115,轻度污染,87,137,27,1.7,101,55
2017-12-22,115,轻度污染,87,120,20,1.2,105,49
2017-12-23,114,轻度污染,86,108,18,1.2,87,61
2017-12-24,199,中度污染,149,200,29,1.7,91,71
2017-12-25,104,轻度污染,70,158,23,1.2,97,72
2017-12-26,114,轻度污染,70,125,18,1.2,108,54
2017-12-27,97,良,54,97,12,0.9,77,60
2017-12-28,79,良,27,38,10,0.6,60,46
2017-12-29,90,良,39,54,10,0.9,72,32
2017-12-30,134,轻度污染,0,0,13,1.0,64,37
2017-12-31,253,重度污染,0,0,19,2.3,83,104
2018-01-01,0,无,0,0,17,1.7,83,91
2018-01-02,80,良,36,58,13,0.8,64,56
2018-01-03,42,优,23,33,7,0.6,33,70
2018-01-04,47,优,11,11,7,0.6,37,51
2018-01-05,68,良,36,50,11,1.0,54,39
2018-01-06,118,轻度污染,89,92,16,1.1,72,42
2018-01-07,70,良,29,29,10,1.0,56,24
2018-01-08,109,轻度污染,82,97,16,1.2,39,84
2018-01-09,53,良,24,56,13,0.6,37,72
2018-01-10,62,良,32,74,18,0.8,47,61
2018-01-11,77,良,48,80,22,1.0,61,64
2018-01-12,84,良,37,69,23,1.0,67,45
2018-01-13,109,轻度污染,72,101,26,1.1,98,29
2018-01-14,101,轻度污染,50,79,19,0.9,81,50
2018-01-15,112,轻度污染,78,107,21,1.2,103,52
2018-01-16,134,轻度污染,102,103,18,1.2,94,16
2018-01-17,208,重度污染,158,149,16,1.6,94,35
2018-01-18,155,中度污染,118,112,13,1.0,71,42
2018-01-19,246,重度污染,196,191,15,1.5,89,32
2018-01-20,166,中度污染,126,152,15,1.3,93,32
2018-01-21,99,良,62,79,11,0.9,79,57
2018-01-22,78,良,50,49,9,0.8,62,72
2018-01-23,110,轻度污染,83,99,10,1.0,48,53
2018-01-24,42,优,22,38,10,0.6,33,68
2018-01-25,47,优,17,17,7,0.5,37,58
2018-01-26,39,优,19,26,8,0.5,31,68
2018-01-27,72,良,28,30,9,0.7,57,40
2018-01-28,64,良,46,44,9,0.9,50,52
2018-01-29,175,中度污染,132,132,23,1.4,55,83
2018-01-30,247,重度污染,197,202,24,1.9,92,92
2018-01-31,272,重度污染,222,237,31,2.0,132,32
2018-02-01,211,重度污染,161,160,28,1.8,103,74
2018-02-02,170,中度污染,129,167,31,1.7,116,67
2018-02-03,54,良,36,57,10,0.7,38,64
2018-02-04,73,良,51,76,17,0.8,58,62
2018-02-05,87,良,64,89,19,0.9,65,77
2018-02-06,78,良,42,64,15,0.9,62,63
2018-02-07,90,良,50,72,14,0.8,72,69
2018-02-08,140,轻度污染,107,130,20,1.2,73,66
2018-02-09,137,轻度污染,104,114,15,1.0,67,71
2018-02-10,103,轻度污染,77,127,13,1.0,58,65
2018-02-11,0,无,0,0,13,0.8,40,92
2018-02-12,86,良,27,122,14,0.7,33,83
2018-02-13,57,良,34,63,11,0.8,39,95
2018-02-14,79,良,58,99,11,1.0,58,82
2018-02-15,62,良,43,74,7,0.8,26,74
2018-02-16,58,良,41,47,6,0.7,25,68
2018-02-17,85,良,63,86,10,1.2,32,106
2018-02-18,42,优,20,32,7,0.6,28,83
2018-02-19,41,优,22,27,7,0.6,25,81
2018-02-20,65,良,47,60,7,0.7,26,84
2018-02-21,58,良,41,53,7,0.8,28,79
2018-02-22,74,良,54,70,8,0.9,35,78
2018-02-23,60,良,43,52,8,0.8,38,87
2018-02-24,59,良,42,54,9,0.8,41,70
2018-02-25,57,良,40,62,7,0.9,35,84
2018-02-26,70,良,51,67,9,0.8,44,113
2018-02-27,65,良,38,58,8,0.8,38,117
2018-02-28,45,优,27,38,6,0.8,36,75
2018-03-01,75,良,55,84,9,1.2,54,98
2018-03-02,49,优,24,47,6,0.8,39,68
2018-03-03,65,良,32,47,7,1.1,52,55
2018-03-04,59,良,30,53,9,1.2,47,107
2018-03-05,40,优,18,40,7,1.0,29,75
2018-03-06,46,优,19,46,6,0.8,31,83
2018-03-07,55,良,23,34,5,0.8,44,64
2018-03-08,85,良,63,80,7,0.9,39,71
2018-03-09,90,良,57,82,14,1.2,72,74
2018-03-10,107,轻度污染,80,93,13,1.0,85,106
2018-03-11,89,良,66,84,11,1.0,70,122
2018-03-12,83,良,38,69,13,0.7,66,123
2018-03-13,82,良,32,70,13,0.8,65,118
2018-03-14,93,良,31,65,11,0.9,74,25
2018-03-15,94,良,38,69,10,1.1,75,25
2018-03-16,49,优,23,49,6,0.6,30,75
2018-03-17,47,优,21,47,6,0.6,34,87
2018-03-18,69,良,31,51,8,0.9,55,63
2018-03-19,47,优,32,44,6,0.8,37,56
2018-03-20,63,良,45,51,7,1.0,41,49
2018-03-21,59,良,30,41,6,1.0,47,53
2018-03-22,95,良,71,107,16,1.5,75,97
2018-03-23,98,良,73,119,18,1.2,78,117
2018-03-24,95,良,61,115,13,1.0,76,123
2018-03-25,85,良,63,117,12,1.0,58,123
2018-03-26,71,良,47,91,12,0.8,52,123
2018-03-27,71,良,46,90,12,0.8,53,125
2018-03-28,102,轻度污染,42,87,13,0.8,52,162
2018-03-29,64,良,25,68,9,0.6,51,116
2018-03-30,73,良,32,68,9,0.8,58,41
2018-03-31,60,良,32,61,8,0.5,41,111
2018-04-01,107,轻度污染,42,108,15,0.7,56,167
2018-04-02,83,良,46,115,11,0.8,65,70
2018-04-03,86,良,38,101,12,0.7,47,143
2018-04-04,62,良,36,74,6,0.6,36,61
2018-04-05,49,优,33,49,5,0.6,34,61
2018-04-06,100,良,41,150,9,0.8,33,87
2018-04-07,66,良,21,81,9,0.5,30,103
2018-04-08,82,良,34,96,16,0.6,65,117
2018-04-09,84,良,42,113,15,0.7,67,139
2018-04-10,111,轻度污染,37,95,16,0.7,61,172
2018-04-11,0,无,0,0,19,1.0,70,130
2018-04-12,78,良,30,106,12,0.6,58,64
2018-04-13,57,良,22,50,8,0.5,45,75
2018-04-14,58,良,41,46,6,0.7,43,55
2018-04-15,91,良,49,131,13,0.8,45,138
2018-04-16,0,无,0,0,11,0.7,67,76
2018-04-17,95,良,40,113,12,0.6,57,153
2018-04-18,123,轻度污染,60,99,13,0.6,52,185
2018-04-19,141,轻度污染,43,84,10,0.6,51,205
2018-04-20,83,良,30,79,9,0.5,36,139
2018-04-21,61,良,36,72,10,0.6,43,76
2018-04-22,78,良,45,86,10,0.8,62,91
2018-04-23,68,良,49,61,6,0.9,53,64
2018-04-24,58,良,35,48,5,0.7,46,79
2018-04-25,116,轻度污染,61,82,10,1.0,62,177
2018-04-26,124,轻度污染,59,83,10,0.8,71,186
2018-04-27,171,中度污染,82,110,12,1.0,67,236
2018-04-28,190,中度污染,122,153,14,1.1,75,255
2018-04-29,137,轻度污染,92,117,13,1.0,59,200
2018-04-30,127,轻度污染,74,110,13,1.2,52,189
2018-05-01,68,良,35,55,9,1.0,41,121
2018-05-02,79,良,49,67,6,1.0,33,134
2018-05-03,100,良,26,53,8,0.7,38,160
2018-05-04,129,轻度污染,40,76,12,0.7,53,191
2018-05-05,60,良,32,49,10,0.7,48,79
2018-05-06,69,良,38,68,10,0.9,55,95
2018-05-07,49,优,34,41,4,0.8,33,70
2018-05-08,90,良,43,73,10,1.0,48,147
2018-05-09,112,轻度污染,40,67,8,0.5,41,173
2018-05-10,90,良,22,51,7,0.4,26,148
2018-05-11,113,轻度污染,27,61,9,0.4,34,174
2018-05-12,92,良,68,101,14,1.0,61,100
2018-05-13,134,轻度污染,70,88,12,1.1,41,197
2018-05-14,127,轻度污染,48,73,8,0.8,36,189
2018-05-15,112,轻度污染,47,76,8,0.7,39,173
2018-05-16,96,良,43,77,8,0.6,47,155
2018-05-17,100,良,37,73,7,0.7,45,160
2018-05-18,118,轻度污染,53,71,6,0.8,38,179
2018-05-19,53,良,37,37,4,0.7,41,73
2018-05-20,38,优,16,29,4,0.5,30,68
2018-05-21,47,优,28,47,4,0.7,35,66
2018-05-22,41,优,27,41,4,0.5,32,57
2018-05-23,0,无,0,0,8,0.7,46,177
2018-05-24,89,良,37,127,8,0.4,45,140
2018-05-25,70,良,31,59,5,0.6,56,69
2018-05-26,57,良,40,51,5,0.8,45,68
2018-05-27,77,良,56,81,4,0.9,46,103
2018-05-28,141,轻度污染,72,116,7,1.1,56,205
2018-05-29,113,轻度污染,85,127,8,1.0,62,142
2018-05-30,93,良,69,106,8,1.0,68,136
2018-05-31,93,良,64,87,6,0.8,51,151
2018-06-01,121,轻度污染,47,62,8,0.6,43,183
2018-06-02,100,良,40,53,7,0.5,36,159
2018-06-03,80,良,33,45,6,0.5,32,135
2018-06-04,126,轻度污染,55,84,8,0.7,48,188
2018-06-05,99,良,54,77,9,0.7,52,158
2018-06-06,123,轻度污染,39,55,7,0.6,33,185
2018-06-07,112,轻度污染,30,44,4,0.6,22,173
2018-06-08,81,良,31,54,7,0.6,39,137
2018-06-09,45,优,31,43,7,0.5,30,82
2018-06-10,70,良,51,73,8,1.0,36,119
2018-06-11,156,中度污染,45,71,8,0.9,34,221
2018-06-12,155,中度污染,49,82,9,0.7,37,220
2018-06-13,172,中度污染,58,92,11,0.9,36,237
2018-06-14,125,轻度污染,31,51,6,0.6,23,187
2018-06-15,130,轻度污染,20,40,6,0.6,25,193
2018-06-16,78,良,33,60,7,0.5,25,133
2018-06-17,78,良,25,48,6,0.5,16,133
2018-06-18,100,良,25,46,6,0.5,17,160
2018-06-19,47,优,28,43,5,0.5,25,93
2018-06-20,40,优,17,21,4,0.5,32,75
2018-06-21,104,轻度污染,26,38,6,0.6,38,164
2018-06-22,40,优,27,34,6,0.5,32,72
2018-06-23,65,良,20,30,5,0.5,32,118
2018-06-24,55,良,22,32,5,0.5,26,106
2018-06-25,125,轻度污染,38,67,6,0.6,31,187
2018-06-26,78,良,31,57,7,0.6,38,133
2018-06-27,55,良,19,42,8,0.5,37,106
2018-06-28,49,优,23,44,6,0.6,39,78
2018-06-29,109,轻度污染,27,45,5,0.6,34,169
2018-06-30,48,优,19,35,6,0.5,39,62
2018-07-01,43,优,19,29,5,0.5,34,77
2018-07-02,41,优,14,32,5,0.3,25,81
2018-07-03,51,良,26,46,5,0.5,34,100
2018-07-04,85,良,38,52,5,0.7,40,142
2018-07-05,53,良,23,32,4,0.6,42,43
2018-07-06,54,良,17,31,5,0.5,43,48
2018-07-07,48,优,16,24,3,0.5,38,22
2018-07-08,77,良,30,55,4,0.5,32,132
2018-07-09,85,良,23,48,6,0.5,31,142
2018-07-10,37,优,11,28,4,0.5,21,74
2018-07-11,43,优,12,42,4,0.3,15,36
2018-07-12,47,优,11,33,5,0.5,18,94
2018-07-13,52,良,13,33,5,0.5,22,102
2018-07-14,71,良,13,36,5,0.5,23,125
2018-07-15,70,良,13,34,6,0.5,22,124
2018-07-16,58,良,12,33,6,0.5,21,109
2018-07-17,44,优,11,31,6,0.5,22,87
2018-07-18,55,良,10,29,5,0.5,21,105
2018-07-19,47,优,10,28,6,0.5,20,94
2018-07-20,46,优,20,37,7,0.5,22,92
2018-07-21,48,优,27,49,7,0.5,24,70
2018-07-22,21,优,10,21,4,0.5,15,33
2018-07-23,69,良,18,36,6,0.5,24,122
2018-07-24,95,良,25,49,7,0.5,32,153
2018-07-25,94,良,37,64,7,0.6,39,152
2018-07-26,62,良,34,63,6,0.7,50,99
2018-07-27,101,轻度污染,25,52,6,0.9,47,161
2018-07-28,188,中度污染,50,88,5,0.9,42,253
2018-07-29,100,良,39,66,7,0.7,43,159
2018-07-30,109,轻度污染,38,59,6,0.9,36,169
2018-07-31,93,良,25,42,6,0.9,34,151
2018-08-01,82,良,17,32,5,0.6,28,138
2018-08-02,49,优,19,35,5,0.6,24,98
2018-08-03,36,优,14,23,4,0.5,23,72
2018-08-04,102,轻度污染,25,48,5,0.6,31,162
2018-08-05,111,轻度污染,26,50,5,0.5,24,172
2018-08-06,99,良,26,54,4,0.5,32,158
2018-08-07,102,轻度污染,19,36,4,0.5,27,162
2018-08-08,97,良,22,37,4,0.5,31,156
2018-08-09,131,轻度污染,32,48,4,0.6,30,194
2018-08-10,137,轻度污染,28,48,6,0.6,33,200
2018-08-11,110,轻度污染,33,53,6,0.5,28,170
2018-08-12,35,优,16,28,4,0.5,28,49
2018-08-13,46,优,11,31,3,0.3,17,91
2018-08-14,28,优,8,30,3,0.3,18,50
2018-08-15,33,优,12,36,5,0.3,24,65
2018-08-16,33,优,16,32,4,0.3,20,59
2018-08-17,33,优,10,20,3,0.3,17,66
2018-08-18,42,优,10,30,5,0.5,19,84
2018-08-19,39,优,8,26,4,0.3,18,78
2018-08-20,85,良,22,42,5,0.5,30,141
2018-08-21,72,良,28,42,4,0.9,37,126
2018-08-22,41,优,13,29,3,0.5,28,82
2018-08-23,114,轻度污染,25,57,5,0.7,31,175
2018-08-24,137,轻度污染,37,74,8,1.0,40,200
2018-08-25,42,优,18,34,4,0.5,29,83
2018-08-26,43,优,19,32,4,0.5,34,28
2018-08-27,44,优,11,32,4,0.5,24,87
2018-08-28,44,优,9,29,4,0.3,21,87
2018-08-29,49,优,10,31,4,0.3,22,97
2018-08-30,65,良,13,38,5,0.5,26,117
2018-08-31,79,良,19,42,5,0.5,34,134
2018-09-01,55,良,23,39,4,0.6,34,106
2018-09-02,74,良,25,40,3,0.5,31,128
2018-09-03,60,良,33,52,5,0.6,31,111
2018-09-04,119,轻度污染,32,64,6,0.7,36,180
2018-09-05,129,轻度污染,34,76,8,0.7,53,191
2018-09-06,150,轻度污染,49,89,7,0.7,32,215
2018-09-07,61,良,38,66,7,0.7,39,96
2018-09-08,52,良,14,36,7,0.6,32,102
2018-09-09,59,良,18,36,7,0.5,34,110
2018-09-10,65,良,18,34,7,0.5,36,118
2018-09-11,64,良,18,42,6,0.5,51,65
2018-09-12,44,优,17,43,4,0.3,36,67
2018-09-13,48,优,19,41,7,0.5,38,70
2018-09-14,62,良,22,46,5,0.5,49,104
2018-09-15,71,良,19,47,6,0.3,34,125
2018-09-16,30,优,12,23,5,0.3,25,59
2018-09-17,42,优,7,16,5,0.5,36,21
2018-09-18,75,良,21,40,5,0.5,43,130
2018-09-19,74,良,26,46,6,0.5,36,128
2018-09-20,45,优,17,30,6,0.5,36,68
2018-09-21,63,良,31,43,4,1.0,50,48
2018-09-22,64,良,36,55,7,1.0,56,57
2018-09-23,79,良,37,72,9,0.7,47,134
2018-09-24,86,良,28,61,6,0.5,26,143
2018-09-25,43,优,13,35,4,0.3,24,85
2018-09-26,48,优,11,31,5,0.3,29,96
2018-09-27,54,良,18,40,7,0.5,36,104
2018-09-28,64,良,17,38,5,0.3,40,116
2018-09-29,57,良,21,40,7,0.5,37,108
2018-09-30,129,轻度污染,48,86,10,0.6,47,191
2018-10-01,55,良,20,59,7,0.5,36,106
2018-10-02,85,良,33,64,7,0.6,58,142
2018-10-03,77,良,24,44,5,0.5,38,132
2018-10-04,81,良,28,47,7,0.5,32,137
2018-10-05,60,良,24,51,7,0.5,26,112
2018-10-06,101,轻度污染,32,62,8,0.5,40,161
2018-10-07,132,轻度污染,47,81,7,0.6,45,195
2018-10-08,55,良,23,59,5,0.5,38,101
2018-10-09,53,良,33,53,5,0.5,42,91
2018-10-10,52,良,23,53,7,0.5,32,71
2018-10-11,52,良,23,46,10,0.6,41,94
2018-10-12,60,良,23,40,6,0.5,48,96
2018-10-13,69,良,28,46,5,0.5,55,113
2018-10-14,52,良,21,37,6,0.5,41,75
2018-10-15,49,优,20,34,4,0.5,39,94
2018-10-16,54,良,36,46,5,0.5,43,101
2018-10-17,97,良,56,82,10,0.9,77,123
2018-10-18,47,优,27,43,6,0.5,37,88
2018-10-19,59,良,21,41,8,0.5,47,92
2018-10-20,63,良,20,37,6,0.5,50,59
2018-10-21,59,良,24,38,6,0.5,47,73
2018-10-22,52,良,30,33,4,0.5,41,49
2018-10-23,98,良,73,112,8,1.0,67,105
2018-10-24,122,轻度污染,92,107,7,0.9,64,141
2018-10-25,61,良,35,70,6,0.5,40,113
2018-10-26,75,良,55,93,7,0.9,43,115
2018-10-27,85,良,42,119,13,1.0,68,82
2018-10-28,78,良,32,76,11,0.7,62,107
2018-10-29,72,良,41,77,13,0.7,57,111
2018-10-30,67,良,29,63,7,0.5,53,96
2018-10-31,49,优,23,45,6,0.5,39,92
2018-11-01,50,优,18,34,5,0.5,40,86
2018-11-02,74,良,26,41,7,0.5,59,67
2018-11-03,69,良,25,40,6,0.5,55,65
2018-11-04,64,良,30,41,5,0.5,51,86
2018-11-05,54,良,36,44,5,0.5,43,60
2018-11-06,63,良,32,43,4,0.5,50,63
2018-11-07,55,良,31,36,4,0.6,44,59
2018-11-08,40,优,16,19,4,0.7,32,32
2018-11-09,64,良,40,58,6,0.7,51,73
2018-11-10,75,良,55,55,5,0.6,46,82
2018-11-11,83,良,61,74,7,0.6,47,36
2018-11-12,45,优,28,42,5,0.5,36,61
2018-11-13,57,良,30,50,7,0.5,45,81
2018-11-14,72,良,40,65,7,0.6,57,75
2018-11-15,79,良,29,45,5,0.5,63,24
2018-11-16,43,优,24,30,5,0.5,34,58
2018-11-17,42,优,20,39,5,0.5,33,60
2018-11-18,49,优,28,26,4,0.5,39,52
2018-11-19,82,良,60,68,5,0.9,45,41
2018-11-20,90,良,67,78,8,1.0,66,53
2018-11-21,52,良,19,22,4,0.5,41,60
2018-11-22,70,良,48,70,8,0.7,56,75
2018-11-23,88,良,56,83,7,0.7,70,91
2018-11-24,103,轻度污染,68,100,11,1.0,85,76
2018-11-25,139,轻度污染,106,124,7,1.0,85,73
2018-11-26,135,轻度污染,103,122,8,1.0,90,83
2018-11-27,172,中度污染,130,168,8,1.7,110,22
2018-11-28,200,中度污染,150,176,7,1.5,102,66
2018-11-29,185,中度污染,139,177,10,1.4,115,74
2018-11-30,129,轻度污染,98,138,6,1.0,82,70
2018-12-01,103,轻度污染,77,132,8,0.9,84,46
2018-12-02,78,良,56,73,6,0.6,62,33
2018-12-03,105,轻度污染,79,105,6,1.2,80,7
2018-12-04,55,良,20,38,4,0.6,44,37
2018-12-05,54,良,16,58,6,0.3,41,47
2018-12-06,43,优,19,30,5,0.3,34,50
2018-12-07,48,优,28,44,6,0.6,38,48
2018-12-08,52,良,33,54,8,0.6,36,34
2018-12-09,60,良,43,58,7,0.7,48,28
2018-12-10,49,优,14,17,4,0.3,39,41
2018-12-11,47,优,27,28,4,0.5,37,53
2018-12-12,108,轻度污染,81,96,13,1.2,59,39
2018-12-13,124,轻度污染,94,110,14,1.2,78,48
2018-12-14,93,良,69,94,10,1.0,66,38
2018-12-15,80,良,21,40,5,0.5,64,23
2018-12-16,108,轻度污染,81,111,6,1.0,54,50
2018-12-17,110,轻度污染,83,120,10,1.2,68,65
2018-12-18,107,轻度污染,78,134,13,1.4,93,56
2018-12-19,114,轻度污染,85,144,16,1.2,107,11
2018-12-20,90,良,47,73,7,0.9,72,38
2018-12-21,94,良,52,70,5,0.7,75,12
2018-12-22,57,良,39,42,4,0.6,45,38
2018-12-23,103,轻度污染,77,113,7,1.0,46,68
2018-12-24,72,良,38,79,7,0.7,57,55
2018-12-25,67,良,23,49,6,0.5,53,37
2018-12-26,39,优,15,18,4,0.5,31,56
2018-12-27,38,优,17,38,4,0.5,25,55
2018-12-28,52,良,29,54,7,0.6,31,47
2018-12-29,56,良,36,61,10,0.6,42,43
2018-12-30,60,良,43,58,9,0.9,46,25
2018-12-31,59,良,40,55,7,1.0,47,32
2019-01-01,58,良,41,52,8,1.0,39,52
2019-01-02,105,轻度污染,79,97,12,1.0,48,41
2019-01-03,92,良,68,84,9,0.9,66,32
2019-01-04,72,良,39,39,6,0.7,57,22
2019-01-05,59,良,27,27,5,1.0,47,24
2019-01-06,65,良,47,65,5,1.0,50,18
2019-01-07,65,良,40,50,5,0.7,52,34
2019-01-08,98,良,73,94,10,1.0,49,46
2019-01-09,60,良,29,38,6,0.6,48,41
2019-01-10,57,良,28,36,5,0.5,45,25
2019-01-11,62,良,23,23,4,0.6,49,25
2019-01-12,65,良,47,60,5,1.0,46,15
2019-01-13,115,轻度污染,87,115,7,1.5,56,39
2019-01-14,119,轻度污染,90,101,6,1.0,71,39
2019-01-15,162,中度污染,123,145,9,1.4,50,57
2019-01-16,62,良,35,73,10,1.0,42,42
2019-01-17,98,良,73,114,11,1.0,59,48
2019-01-18,113,轻度污染,85,123,11,1.2,67,80
2019-01-19,140,轻度污染,107,134,13,1.2,69,23
2019-01-20,142,轻度污染,108,92,12,1.2,54,64
2019-01-21,88,良,65,85,12,1.0,60,62
2019-01-22,119,轻度污染,90,113,14,1.2,68,76
2019-01-23,123,轻度污染,93,133,14,1.4,87,97
2019-01-24,168,中度污染,127,158,15,1.5,98,85
2019-01-25,72,良,52,72,10,0.7,52,76
2019-01-26,45,优,23,45,7,0.5,30,58
2019-01-27,54,良,29,48,7,0.5,43,78
2019-01-28,100,良,75,74,9,1.0,67,17
2019-01-29,99,良,74,95,7,1.0,62,34
2019-01-30,57,良,40,64,5,0.5,42,35
2019-01-31,34,优,18,34,3,0.4,20,67
2019-02-01,100,良,75,66,7,0.8,26,68
2019-02-02,90,良,67,74,7,0.8,36,60
2019-02-03,118,轻度污染,89,80,14,1.4,31,43
2019-02-04,138,轻度污染,105,147,8,1.2,27,89
2019-02-05,63,良,36,75,7,0.5,20,76
2019-02-06,100,良,75,80,7,0.9,23,74
2019-02-07,53,良,37,55,5,0.6,13,78
2019-02-08,37,优,14,27,6,0.3,16,73
2019-02-09,33,优,21,29,5,0.3,17,65
2019-02-10,34,优,20,28,5,0.4,19,68
2019-02-11,46,优,32,34,6,0.6,30,50
2019-02-12,58,良,41,37,6,0.6,37,51
2019-02-13,46,优,30,46,5,0.5,26,71
2019-02-14,43,优,30,43,5,0.6,34,75
2019-02-15,49,优,19,22,5,0.5,39,45
2019-02-16,67,良,48,71,6,0.7,29,61
2019-02-17,42,优,27,42,6,0.5,27,83
2019-02-18,57,良,25,25,6,0.5,45,48
2019-02-19,52,良,32,35,6,0.8,41,42
2019-02-20,90,良,67,68,5,0.8,43,53
2019-02-21,97,良,72,73,5,0.8,43,73
2019-02-22,82,良,60,61,6,0.9,44,62
2019-02-23,178,中度污染,134,150,9,1.3,68,53
2019-02-24,168,中度污染,127,135,12,1.5,80,110
2019-02-25,117,轻度污染,88,95,10,1.1,73,95
2019-02-26,69,良,50,58,5,0.6,47,77
2019-02-27,63,良,31,47,4,0.5,50,63
2019-02-28,69,良,46,60,6,0.8,55,60
2019-03-01,117,轻度污染,88,82,6,0.8,81,58
2019-03-02,99,良,74,76,5,0.7,52,80
2019-03-03,104,轻度污染,78,97,8,0.9,52,88
2019-03-04,128,轻度污染,97,122,8,0.9,61,110
2019-03-05,114,轻度污染,86,92,5,0.7,58,87
2019-03-06,115,轻度污染,87,98,5,0.9,48,97
2019-03-07,98,良,73,82,5,0.7,35,106
2019-03-08,48,优,21,44,4,0.4,38,81
2019-03-09,78,良,57,84,7,0.6,56,55
2019-03-10,82,良,60,71,7,0.8,56,40
2019-03-11,88,良,61,125,8,0.9,66,123
2019-03-12,84,良,44,118,12,0.8,57,113
2019-03-13,62,良,27,74,8,0.5,42,82
2019-03-14,59,良,41,56,8,0.4,47,76
2019-03-15,74,良,46,75,9,0.5,59,109
2019-03-16,78,良,46,82,11,0.5,62,117
2019-03-17,124,轻度污染,94,119,13,0.8,74,149
2019-03-18,68,良,49,45,6,0.4,42,90
2019-03-19,77,良,45,55,8,0.4,48,132
2019-03-20,51,良,34,51,9,0.6,35,88
2019-03-21,92,良,68,65,11,0.8,42,71
2019-03-22,39,优,14,39,7,0.3,27,74
2019-03-23,50,优,31,48,9,0.5,40,96
2019-03-24,75,良,55,73,9,0.5,38,129
2019-03-25,78,良,57,68,9,0.6,51,98
2019-03-26,73,良,51,75,11,0.6,58,113
2019-03-27,88,良,58,75,11,0.7,70,83
2019-03-28,102,轻度污染,76,84,9,0.8,68,47
2019-03-29,84,良,62,79,9,0.6,53,94
2019-03-30,94,良,70,102,10,0.8,49,101
2019-03-31,54,良,14,57,8,0.4,28,94
2019-04-01,70,良,29,61,10,0.4,42,124
2019-04-02,75,良,35,72,10,0.5,60,110
2019-04-03,95,良,65,97,11,0.7,76,110
2019-04-04,60,良,43,48,7,0.4,43,80
2019-04-05,98,良,53,85,10,0.7,58,157
2019-04-06,90,良,60,87,14,0.6,59,147
2019-04-07,110,轻度污染,70,101,15,0.8,51,171
2019-04-08,108,轻度污染,81,108,13,0.8,55,161
2019-04-09,51,良,29,51,9,0.5,24,89
2019-04-10,43,优,30,38,6,0.5,29,64
2019-04-11,55,良,27,44,9,0.4,44,91
2019-04-12,90,良,56,72,9,0.6,49,147
2019-04-13,90,良,28,45,10,0.4,31,147
2019-04-14,68,良,49,67,11,0.5,39,107
2019-04-15,72,良,34,57,9,0.5,35,126
2019-04-16,55,良,22,57,10,0.4,36,105
2019-04-17,107,轻度污染,66,92,9,0.5,47,167
2019-04-18,114,轻度污染,46,79,10,0.5,45,175
2019-04-19,64,良,46,65,7,0.4,37,107
2019-04-20,41,优,19,39,6,0.3,30,81
2019-04-21,55,良,39,37,6,0.3,37,50
2019-04-22,59,良,26,32,5,0.3,47,26
2019-04-23,59,良,39,53,5,0.8,47,87
2019-04-24,97,良,72,82,7,1.0,61,84
2019-04-25,68,良,46,59,5,0.5,39,121
2019-04-26,48,优,24,48,4,0.4,35,64
2019-04-27,63,良,17,41,5,0.3,35,115
2019-04-28,79,良,58,55,5,0.6,47,70
2019-04-29,68,良,49,49,4,0.6,50,39
2019-04-30,59,良,42,48,4,0.6,39,59
2019-05-01,72,良,49,81,6,0.6,47,126
2019-05-02,75,良,32,88,6,0.6,57,129
2019-05-03,80,良,27,72,6,0.3,45,135
2019-05-04,102,轻度污染,25,55,6,0.3,38,162
2019-05-05,98,良,42,63,6,0.5,39,157
2019-05-06,50,优,23,46,5,0.2,21,99
2019-05-07,60,良,14,48,7,0.3,34,112
2019-05-08,91,良,23,50,6,0.3,40,149
2019-05-09,158,中度污染,40,70,7,0.4,44,223
2019-05-10,168,中度污染,39,67,5,0.3,35,233
2019-05-11,160,中度污染,47,72,7,0.3,37,225
2019-05-12,122,轻度污染,37,61,6,0.3,34,184
2019-05-13,48,优,31,48,6,0.3,36,96
2019-05-14,50,优,24,36,5,0.2,31,100
2019-05-15,37,优,19,26,4,0.2,29,61
2019-05-16,63,良,45,57,5,0.5,47,66
2019-05-17,50,优,26,42,5,0.3,40,93
2019-05-18,48,优,33,46,5,0.4,33,88
2019-05-19,78,良,45,54,5,0.4,31,133
2019-05-20,78,良,21,77,8,0.3,32,133
2019-05-21,117,轻度污染,27,76,10,0.3,43,178
2019-05-22,128,轻度污染,49,93,12,0.5,58,190
2019-05-23,135,轻度污染,51,88,12,0.5,49,198
2019-05-24,116,轻度污染,49,86,9,0.5,42,177
2019-05-25,52,良,31,53,5,0.4,31,95
2019-05-26,36,优,25,30,4,0.3,25,62
2019-05-27,47,优,22,36,5,0.4,23,93
2019-05-28,64,良,13,35,7,0.4,35,116
2019-05-29,84,良,21,46,9,0.4,44,140
2019-05-30,82,良,31,58,10,0.5,65,76
2019-05-31,124,轻度污染,63,68,8,0.8,51,186
2019-06-01,63,良,44,54,8,0.5,31,115
2019-06-02,95,良,19,32,8,0.4,26,154
2019-06-03,142,轻度污染,30,43,8,0.5,28,206
2019-06-04,151,中度污染,32,52,5,0.5,30,216
2019-06-05,120,轻度污染,31,52,3,0.5,27,181
2019-06-06,47,优,16,34,4,0.5,20,94
2019-06-07,86,良,18,28,4,0.5,20,143
2019-06-08,115,轻度污染,24,40,4,0.5,20,176
2019-06-09,122,轻度污染,24,37,3,0.5,17,184
2019-06-10,81,良,37,62,4,0.7,30,137
2019-06-11,91,良,26,40,4,0.5,24,149
2019-06-12,73,良,18,32,4,0.4,21,127
2019-06-13,48,优,21,31,4,0.5,26,95
2019-06-14,83,良,21,32,6,0.5,26,139
2019-06-15,189,中度污染,42,70,8,0.7,41,254
2019-06-16,164,中度污染,65,95,8,0.7,44,229
2019-06-17,95,良,30,61,7,0.5,33,154
